<?xml version="1.0" encoding="ISO-8859-1"?>
<modeling>
 <generator>
  <i name="program" type="string">vasp </i>
  <i name="version" type="string">5.4.4.18Apr17-6-g9f103f2a35  </i>
  <i name="subversion" type="string">(build Jul 22 2020 03:51:30) complex            parallel </i>
  <i name="platform" type="string">LinuxIFC </i>
  <i name="date" type="string">2020 09 16 </i>
  <i name="time" type="string">02:05:21 </i>
 </generator>
 <incar>
  <i type="string" name="SYSTEM"> Si</i>
  <i type="int" name="ISTART">     0</i>
  <i type="string" name="PREC">accurate</i>
  <i type="int" name="ICHARG">     2</i>
  <i type="int" name="NELM">    60</i>
  <i type="int" name="IBRION">     2</i>
  <i name="EDIFF">      0.00001000</i>
  <i name="EDIFFG">     -0.01000000</i>
  <i type="int" name="NSW">   100</i>
  <i type="int" name="ISIF">     2</i>
  <i name="ENCUT">    300.00000000</i>
  <i name="POTIM">      0.25000000</i>
  <i type="string" name="LREAL">Auto</i>
  <i type="int" name="ISMEAR">     0</i>
  <i name="SIGMA">      0.05000000</i>
  <i type="logical" name="LWAVE"> F  </i>
  <i type="logical" name="LCHARG"> F  </i>
  <v type="int" name="KPOINT_BSE">    -1     0     0     0</v>
  <i type="int" name="NELM">    60</i>
 </incar>
 <structure name="primitive_cell" >
  <crystal>
   <varray name="basis" >
    <v>       2.71534991       2.71534991       0.00000000 </v>
    <v>       2.71534991       0.00000000      -2.71534991 </v>
    <v>       0.00000000       2.71534991      -2.71534991 </v>
   </varray>
   <i name="volume">     40.04122945 </i>
   <varray name="rec_basis" >
    <v>       0.18413833       0.18413833       0.18413833 </v>
    <v>       0.18413833      -0.18413833      -0.18413833 </v>
    <v>      -0.18413833       0.18413833      -0.18413833 </v>
   </varray>
  </crystal>
  <varray name="positions" >
   <v>       0.00000000       0.00000000       0.00000000 </v>
   <v>      -0.25000000      -0.25000000      -0.25000000 </v>
  </varray>
 </structure>
 <varray name="primitive_index" >
  <v type="int" >        1 </v>
  <v type="int" >        6 </v>
 </varray>
 <kpoints>
  <generation param="Monkhorst-Pack">
   <v type="int" name="divisions">       3        3        3 </v>
   <v name="usershift">      0.00000000       0.00000000       0.00000000 </v>
   <v name="genvec1">      0.33333333       0.00000000       0.00000000 </v>
   <v name="genvec2">      0.00000000       0.33333333       0.00000000 </v>
   <v name="genvec3">      0.00000000       0.00000000       0.33333333 </v>
   <v name="shift">      0.00000000       0.00000000       0.00000000 </v>
  </generation>
  <varray name="kpointlist" >
   <v>       0.00000000       0.00000000       0.00000000 </v>
   <v>       0.33333333       0.00000000       0.00000000 </v>
   <v>       0.33333333       0.33333333       0.00000000 </v>
   <v>       0.33333333       0.33333333       0.33333333 </v>
  </varray>
  <varray name="weights" >
   <v>       0.03703704 </v>
   <v>       0.22222222 </v>
   <v>       0.44444444 </v>
   <v>       0.29629630 </v>
  </varray>
 </kpoints>
 <parameters>
  <separator name="general" >
   <i type="string" name="SYSTEM">Si</i>
   <i type="logical" name="LCOMPAT"> F  </i>
  </separator>
  <separator name="electronic" >
   <i type="string" name="PREC">accura</i>
   <i name="ENMAX">    300.00000000</i>
   <i name="ENAUG">    322.06900000</i>
   <i name="EDIFF">      0.00001000</i>
   <i type="int" name="IALGO">    38</i>
   <i type="int" name="IWAVPR">    11</i>
   <i type="int" name="NBANDS">    22</i>
   <i name="NELECT">     32.00000000</i>
   <i type="int" name="TURBO">     0</i>
   <i type="int" name="IRESTART">     0</i>
   <i type="int" name="NREBOOT">     0</i>
   <i type="int" name="NMIN">     0</i>
   <i name="EREF">      0.00000000</i>
   <separator name="electronic smearing" >
    <i type="int" name="ISMEAR">     0</i>
    <i name="SIGMA">      0.05000000</i>
    <i name="KSPACING">      0.50000000</i>
    <i type="logical" name="KGAMMA"> T  </i>
   </separator>
   <separator name="electronic projectors" >
    <i type="logical" name="LREAL"> T  </i>
    <v name="ROPT">     -0.00025000</v>
    <i type="int" name="LMAXPAW">  -100</i>
    <i type="int" name="LMAXMIX">     2</i>
    <i type="logical" name="NLSPLINE"> F  </i>
   </separator>
   <separator name="electronic startup" >
    <i type="int" name="ISTART">     0</i>
    <i type="int" name="ICHARG">     2</i>
    <i type="int" name="INIWAV">     1</i>
   </separator>
   <separator name="electronic spin" >
    <i type="int" name="ISPIN">     1</i>
    <i type="logical" name="LNONCOLLINEAR"> F  </i>
    <v name="MAGMOM">      1.00000000      1.00000000      1.00000000      1.00000000      1.00000000      1.00000000      1.00000000      1.00000000</v>
    <i name="NUPDOWN">     -1.00000000</i>
    <i type="logical" name="LSORBIT"> F  </i>
    <v name="SAXIS">      0.00000000      0.00000000      1.00000000</v>
    <i type="logical" name="LSPIRAL"> F  </i>
    <v name="QSPIRAL">      0.00000000      0.00000000      0.00000000</v>
    <i type="logical" name="LZEROZ"> F  </i>
   </separator>
   <separator name="electronic exchange-correlation" >
    <i type="logical" name="LASPH"> F  </i>
    <i type="logical" name="LMETAGGA"> F  </i>
   </separator>
   <separator name="electronic convergence" >
    <i type="int" name="NELM">    60</i>
    <i type="int" name="NELMDL">    -5</i>
    <i type="int" name="NELMIN">     2</i>
    <i name="ENINI">    300.00000000</i>
    <separator name="electronic convergence detail" >
     <i type="logical" name="LDIAG"> T  </i>
     <i type="logical" name="LSUBROT"> F  </i>
     <i name="WEIMIN">      0.00100000</i>
     <i name="EBREAK">      0.00000011</i>
     <i name="DEPER">      0.30000000</i>
     <i type="int" name="NRMM">     4</i>
     <i name="TIME">      0.40000000</i>
    </separator>
   </separator>
   <separator name="electronic mixer" >
    <i name="AMIX">      0.40000000</i>
    <i name="BMIX">      1.00000000</i>
    <i name="AMIN">      0.10000000</i>
    <i name="AMIX_MAG">      1.60000000</i>
    <i name="BMIX_MAG">      1.00000000</i>
    <separator name="electronic mixer details" >
     <i type="int" name="IMIX">     4</i>
     <i type="logical" name="MIXFIRST"> F  </i>
     <i type="int" name="MAXMIX">   -45</i>
     <i name="WC">    100.00000000</i>
     <i type="int" name="INIMIX">     1</i>
     <i type="int" name="MIXPRE">     1</i>
     <i type="int" name="MREMOVE">     5</i>
    </separator>
   </separator>
   <separator name="electronic dipolcorrection" >
    <i type="logical" name="LDIPOL"> F  </i>
    <i type="logical" name="LMONO"> F  </i>
    <i type="int" name="IDIPOL">     0</i>
    <i name="EPSILON">      1.00000000</i>
    <v name="DIPOL">   -100.00000000   -100.00000000   -100.00000000</v>
    <i name="EFIELD">      0.00000000</i>
   </separator>
  </separator>
  <separator name="grids" >
   <i type="int" name="NGX">    32</i>
   <i type="int" name="NGY">    32</i>
   <i type="int" name="NGZ">    32</i>
   <i type="int" name="NGXF">    64</i>
   <i type="int" name="NGYF">    64</i>
   <i type="int" name="NGZF">    64</i>
   <i type="logical" name="ADDGRID"> F  </i>
  </separator>
  <separator name="ionic" >
   <i type="int" name="NSW">   100</i>
   <i type="int" name="IBRION">     2</i>
   <i type="int" name="MDALGO">     0</i>
   <i type="int" name="ISIF">     2</i>
   <i name="PSTRESS">      0.00000000</i>
   <i name="EDIFFG">     -0.01000000</i>
   <i type="int" name="NFREE">     1</i>
   <i name="POTIM">      0.25000000</i>
   <i name="SMASS">     -3.00000000</i>
   <i name="SCALEE">      1.00000000</i>
  </separator>
  <separator name="ionic md" >
   <i name="TEBEG">      0.00010000</i>
   <i name="TEEND">      0.00010000</i>
   <i type="int" name="NBLOCK">     1</i>
   <i type="int" name="KBLOCK">   100</i>
   <i type="int" name="NPACO">   256</i>
   <i name="APACO">     16.00000000</i>
  </separator>
  <separator name="symmetry" >
   <i type="int" name="ISYM">     2</i>
   <i name="SYMPREC">      0.00001000</i>
  </separator>
  <separator name="dos" >
   <i type="int" name="LORBIT">     0</i>
   <v name="RWIGS">     -1.00000000</v>
   <i type="int" name="NEDOS">   301</i>
   <i name="EMIN">     10.00000000</i>
   <i name="EMAX">    -10.00000000</i>
   <i name="EFERMI">      0.00000000</i>
  </separator>
  <separator name="writing" >
   <i type="int" name="NWRITE">     2</i>
   <i type="logical" name="LWAVE"> F  </i>
   <i type="logical" name="LDOWNSAMPLE"> F  </i>
   <i type="logical" name="LCHARG"> F  </i>
   <i type="logical" name="LPARD"> F  </i>
   <i type="logical" name="LVTOT"> F  </i>
   <i type="logical" name="LVHAR"> F  </i>
   <i type="logical" name="LELF"> F  </i>
   <i type="logical" name="LOPTICS"> F  </i>
   <v name="STM">      0.00000000      0.00000000      0.00000000      0.00000000      0.00000000      0.00000000      0.00000000</v>
  </separator>
  <separator name="performance" >
   <i type="int" name="NPAR">     2</i>
   <i type="int" name="NSIM">     4</i>
   <i type="int" name="NBLK">    -1</i>
   <i type="logical" name="LPLANE"> T  </i>
   <i type="logical" name="LSCALAPACK"> T  </i>
   <i type="logical" name="LSCAAWARE"> F  </i>
   <i type="logical" name="LSCALU"> F  </i>
   <i type="logical" name="LASYNC"> F  </i>
   <i type="logical" name="LORBITALREAL"> F  </i>
  </separator>
  <separator name="miscellaneous" >
   <i type="int" name="IDIOT">     3</i>
   <i type="int" name="ISPECIAL">     0</i>
   <i type="logical" name="LMUSIC"> F  </i>
   <v name="POMASS">     28.08500000</v>
   <v name="DARWINR">      0.00000000</v>
   <v name="DARWINV">      1.00000000</v>
   <i type="logical" name="LCORR"> T  </i>
  </separator>
  <i type="logical" name="GGA_COMPAT"> T  </i>
  <i type="logical" name="LBERRY"> F  </i>
  <i type="int" name="ICORELEVEL">     0</i>
  <i type="logical" name="LDAU"> F  </i>
  <i type="int" name="I_CONSTRAINED_M">     0</i>
  <separator name="electronic exchange-correlation" >
   <i type="string" name="GGA">--</i>
   <i type="int" name="VOSKOWN">     0</i>
   <i type="logical" name="LHFCALC"> F  </i>
   <i type="string" name="PRECFOCK"></i>
   <i type="logical" name="LSYMGRAD"> F  </i>
   <i type="logical" name="LHFONE"> F  </i>
   <i type="logical" name="LRHFCALC"> F  </i>
   <i type="logical" name="LTHOMAS"> F  </i>
   <i type="logical" name="LMODELHF"> F  </i>
   <i name="ENCUT4O">     -1.00000000</i>
   <i type="int" name="EXXOEP">     0</i>
   <i type="int" name="FOURORBIT">     0</i>
   <i name="AEXX">      0.00000000</i>
   <i name="HFALPHA">      0.00000000</i>
   <i name="MCALPHA">      0.00000000</i>
   <i name="ALDAX">      1.00000000</i>
   <i name="AGGAX">      1.00000000</i>
   <i name="ALDAC">      1.00000000</i>
   <i name="AGGAC">      1.00000000</i>
   <i type="int" name="NKREDX">     1</i>
   <i type="int" name="NKREDY">     1</i>
   <i type="int" name="NKREDZ">     1</i>
   <i type="logical" name="SHIFTRED"> F  </i>
   <i type="logical" name="ODDONLY"> F  </i>
   <i type="logical" name="EVENONLY"> F  </i>
   <i type="int" name="LMAXFOCK">     0</i>
   <i type="int" name="NMAXFOCKAE">     0</i>
   <i type="logical" name="LFOCKAEDFT"> F  </i>
   <i name="HFSCREEN">      0.00000000</i>
   <i name="HFSCREENC">      0.00000000</i>
   <i type="int" name="NBANDSGWLOW">     0</i>
  </separator>
  <separator name="vdW DFT" >
   <i type="logical" name="LUSE_VDW"> F  </i>
   <i name="Zab_VDW">     -0.84910000</i>
   <i name="PARAM1">      0.12340000</i>
   <i name="PARAM2">      1.00000000</i>
   <i name="PARAM3">      0.00000000</i>
  </separator>
  <separator name="model GW" >
   <i type="int" name="MODEL_GW">     0</i>
   <i name="MODEL_EPS0">     12.01236884</i>
   <i name="MODEL_ALPHA">      1.00000000</i>
  </separator>
  <separator name="linear response parameters" >
   <i type="logical" name="LEPSILON"> F  </i>
   <i type="logical" name="LRPA"> F  </i>
   <i type="logical" name="LNABLA"> F  </i>
   <i type="logical" name="LVEL"> F  </i>
   <i type="int" name="KINTER">     0</i>
   <i name="CSHIFT">      0.10000000</i>
   <i name="OMEGAMAX">     -1.00000000</i>
   <i name="DEG_THRESHOLD">      0.00200000</i>
   <i name="RTIME">     -0.10000000</i>
   <i name="WPLASMAI">      0.00000000</i>
   <v name="DFIELD">      0.00000000      0.00000000      0.00000000</v>
   <v name="WPLASMA">      0.00000000      0.00000000      0.00000000      0.00000000      0.00000000      0.00000000      0.00000000      0.00000000      0.00000000</v>
  </separator>
  <separator name="orbital magnetization" >
   <i type="logical" name="NUCIND"> F  </i>
   <v name="MAGPOS">      0.00000000      0.00000000      0.00000000</v>
   <i type="logical" name="LNICSALL"> T  </i>
   <i type="logical" name="ORBITALMAG"> F  </i>
   <i type="logical" name="LMAGBLOCH"> F  </i>
   <i type="logical" name="LCHIMAG"> F  </i>
   <i type="logical" name="LGAUGE"> T  </i>
   <i type="int" name="MAGATOM">     0</i>
   <v name="MAGDIPOL">      0.00000000      0.00000000      0.00000000</v>
   <v name="AVECCONST">      0.00000000      0.00000000      0.00000000</v>
  </separator>
  <separator name="response functions" >
   <i type="logical" name="LADDER"> F  </i>
   <i type="logical" name="LRPAFORCE"> F  </i>
   <i type="logical" name="LFXC"> F  </i>
   <i type="logical" name="LHARTREE"> T  </i>
   <i type="int" name="IBSE">     0</i>
   <v type="int" name="KPOINT">    -1     0     0     0</v>
   <i type="logical" name="LTCTE"> F  </i>
   <i type="logical" name="LTETE"> F  </i>
   <i type="logical" name="LTRIPLET"> F  </i>
   <i type="logical" name="LFXCEPS"> F  </i>
   <i type="logical" name="LFXHEG"> F  </i>
   <i type="int" name="NATURALO">     2</i>
   <i type="logical" name="L2ORDER"> F  </i>
   <i type="logical" name="LMP2LT"> F  </i>
   <i type="logical" name="LUSEW"> F  </i>
   <i name="ENCUTGW">     -2.00000000</i>
   <i name="ENCUTGWSOFT">     -2.00000000</i>
   <i name="ENCUTLF">     -1.00000000</i>
   <i type="int" name="LMAXMP2">    -1</i>
   <i name="SCISSOR">      0.00000000</i>
   <i type="int" name="NOMEGA">     0</i>
   <i type="int" name="NOMEGAR">     0</i>
   <i type="int" name="NBANDSGW">    -1</i>
   <i type="int" name="NBANDSO">    -1</i>
   <i type="int" name="NBANDSV">    -1</i>
   <i type="int" name="NELM">    60</i>
   <i type="int" name="NELMHF">     1</i>
   <i type="int" name="DIM">     3</i>
   <i type="int" name="ANTIRES">     0</i>
   <i name="OMEGAMAX">    -30.00000000</i>
   <i name="OMEGAMIN">    -30.00000000</i>
   <i name="OMEGATL">   -200.00000000</i>
   <i type="int" name="OMEGAGRID">   140</i>
   <i name="CSHIFT">     -0.10000000</i>
   <i type="logical" name="SELFENERGY"> F  </i>
   <i type="logical" name="LSPECTRAL"> F  </i>
   <i type="logical" name="LSPECTRALGW"> F  </i>
   <i type="logical" name="LSINGLES"> F  </i>
   <i type="logical" name="LFERMIGW"> F  </i>
   <i type="logical" name="ODDONLYGW"> F  </i>
   <i type="logical" name="EVENONLYGW"> F  </i>
   <i type="int" name="NKREDLFX">     1</i>
   <i type="int" name="NKREDLFY">     1</i>
   <i type="int" name="NKREDLFZ">     1</i>
   <i type="int" name="MAXMEM">  2800</i>
   <i type="int" name="TELESCOPE">     0</i>
   <i type="int" name="TAUPAR">     1</i>
   <i type="int" name="OMEGAPAR">    -1</i>
   <i name="LAMBDA">      1.00000000</i>
  </separator>
  <separator name="External order field" >
   <i name="OFIELD_KAPPA">      0.00000000</i>
   <v name="OFIELD_K">      0.00000000      0.00000000      0.00000000</v>
   <i name="OFIELD_Q6_NEAR">      0.00000000</i>
   <i name="OFIELD_Q6_FAR">      0.00000000</i>
   <i name="OFIELD_A">      0.00000000</i>
  </separator>
 </parameters>
 <atominfo>
  <atoms>       8 </atoms>
  <types>       1 </types>
  <array name="atoms" >
   <dimension dim="1">ion</dimension>
   <field type="string">element</field>
   <field type="int">atomtype</field>
   <set>
    <rc><c>Si</c><c>   1</c></rc>
    <rc><c>Si</c><c>   1</c></rc>
    <rc><c>Si</c><c>   1</c></rc>
    <rc><c>Si</c><c>   1</c></rc>
    <rc><c>Si</c><c>   1</c></rc>
    <rc><c>Si</c><c>   1</c></rc>
    <rc><c>Si</c><c>   1</c></rc>
    <rc><c>Si</c><c>   1</c></rc>
   </set>
  </array>
  <array name="atomtypes" >
   <dimension dim="1">type</dimension>
   <field type="int">atomspertype</field>
   <field type="string">element</field>
   <field>mass</field>
   <field>valence</field>
   <field type="string">pseudopotential</field>
   <set>
    <rc><c>   8</c><c>Si</c><c>     28.08500000</c><c>      4.00000000</c><c>  PAW_PBE Si 05Jan2001                  </c></rc>
   </set>
  </array>
 </atominfo>
 <structure name="initialpos" >
  <crystal>
   <varray name="basis" >
    <v>       5.43069983       0.00000000       0.00000000 </v>
    <v>       0.00000000       5.43069983       0.00000000 </v>
    <v>       0.00000000       0.00000000       5.43069983 </v>
   </varray>
   <i name="volume">    160.16491782 </i>
   <varray name="rec_basis" >
    <v>       0.18413833       0.00000000       0.00000000 </v>
    <v>       0.00000000       0.18413833       0.00000000 </v>
    <v>       0.00000000       0.00000000       0.18413833 </v>
   </varray>
  </crystal>
  <varray name="positions" >
   <v>       0.00000000       0.00000000       0.00000000 </v>
   <v>       0.00000000       0.50000000       0.50000000 </v>
   <v>       0.50000000       0.50000000       0.00000000 </v>
   <v>       0.50000000       0.00000000       0.50000000 </v>
   <v>       0.74999998       0.25000000       0.74999998 </v>
   <v>       0.25000000       0.25000000       0.25000000 </v>
   <v>       0.25000000       0.74999998       0.74999998 </v>
   <v>       0.74999998       0.74999998       0.25000000 </v>
  </varray>
 </structure>
 <calculation>
  <scstep>
   <time name="dav">    0.09    0.20</time>
   <time name="total">    0.12    0.27</time>
   <energy>
    <i name="alphaZ">     13.45138749 </i>
    <i name="ewald">   -914.13631750 </i>
    <i name="hartreedc">    -44.02754134 </i>
    <i name="XCdc">    -74.41354381 </i>
    <i name="pawpsdc">    704.99039692 </i>
    <i name="pawaedc">   -564.24414232 </i>
    <i name="eentropy">     -0.01277812 </i>
    <i name="bandstr">    102.68382351 </i>
    <i name="atom">    824.51874349 </i>
    <i name="e_fr_energy">     48.81002832 </i>
    <i name="e_wo_entrp">     48.82280644 </i>
    <i name="e_0_energy">     48.81641738 </i>
   </energy>
  </scstep>
  <scstep>
   <time name="dav">    0.11    0.23</time>
   <time name="total">    0.11    0.23</time>
   <energy>
    <i name="e_fr_energy">    -40.29783736 </i>
    <i name="e_wo_entrp">    -40.29783736 </i>
    <i name="e_0_energy">    -40.29783736 </i>
   </energy>
  </scstep>
  <scstep>
   <time name="dav">    0.11    0.23</time>
   <time name="total">    0.11    0.23</time>
   <energy>
    <i name="e_fr_energy">    -43.92581061 </i>
    <i name="e_wo_entrp">    -43.92581061 </i>
    <i name="e_0_energy">    -43.92581061 </i>
   </energy>
  </scstep>
  <scstep>
   <time name="dav">    0.10    0.21</time>
   <time name="total">    0.10    0.21</time>
   <energy>
    <i name="e_fr_energy">    -43.97578648 </i>
    <i name="e_wo_entrp">    -43.97578648 </i>
    <i name="e_0_energy">    -43.97578648 </i>
   </energy>
  </scstep>
  <scstep>
   <time name="dav">    0.11    0.23</time>
   <time name="total">    0.12    0.25</time>
   <energy>
    <i name="e_fr_energy">    -43.97713479 </i>
    <i name="e_wo_entrp">    -43.97713479 </i>
    <i name="e_0_energy">    -43.97713479 </i>
   </energy>
  </scstep>
  <scstep>
   <time name="dav">    0.09    0.19</time>
   <time name="total">    0.12    0.25</time>
   <energy>
    <i name="e_fr_energy">    -43.46484373 </i>
    <i name="e_wo_entrp">    -43.46484373 </i>
    <i name="e_0_energy">    -43.46484373 </i>
   </energy>
  </scstep>
  <scstep>
   <time name="dav">    0.08    0.17</time>
   <time name="total">    0.13    0.28</time>
   <energy>
    <i name="e_fr_energy">    -43.23173848 </i>
    <i name="e_wo_entrp">    -43.23173848 </i>
    <i name="e_0_energy">    -43.23173848 </i>
   </energy>
  </scstep>
  <scstep>
   <time name="dav">    0.10    0.21</time>
   <time name="total">    0.13    0.27</time>
   <energy>
    <i name="e_fr_energy">    -43.23609076 </i>
    <i name="e_wo_entrp">    -43.23609076 </i>
    <i name="e_0_energy">    -43.23609076 </i>
   </energy>
  </scstep>
  <scstep>
   <time name="dav">    0.09    0.19</time>
   <time name="total">    0.12    0.25</time>
   <energy>
    <i name="e_fr_energy">    -43.23695354 </i>
    <i name="e_wo_entrp">    -43.23695354 </i>
    <i name="e_0_energy">    -43.23695354 </i>
   </energy>
  </scstep>
  <scstep>
   <time name="dav">    0.09    0.18</time>
   <time name="total">    0.13    0.29</time>
   <energy>
    <i name="e_fr_energy">    -43.23716055 </i>
    <i name="e_wo_entrp">    -43.23716055 </i>
    <i name="e_0_energy">    -43.23716055 </i>
   </energy>
  </scstep>
  <scstep>
   <time name="dav">    0.07    0.17</time>
   <time name="total">    0.09    0.21</time>
   <energy>
    <i name="alphaZ">     13.45138749 </i>
    <i name="ewald">   -914.13631750 </i>
    <i name="hartreedc">    -59.98209564 </i>
    <i name="XCdc">    -71.80899908 </i>
    <i name="pawpsdc">   3644.89548513 </i>
    <i name="pawaedc">  -3505.06148208 </i>
    <i name="eentropy">     -0.00000000 </i>
    <i name="bandstr">     24.88611631 </i>
    <i name="atom">    824.51874349 </i>
    <i name="e_fr_energy">    -43.23716188 </i>
    <i name="e_wo_entrp">    -43.23716188 </i>
    <i name="e_0_energy">    -43.23716188 </i>
   </energy>
  </scstep>
  <structure>
   <crystal>
    <varray name="basis" >
     <v>       5.43069983       0.00000000       0.00000000 </v>
     <v>       0.00000000       5.43069983       0.00000000 </v>
     <v>       0.00000000       0.00000000       5.43069983 </v>
    </varray>
    <i name="volume">    160.16491782 </i>
    <varray name="rec_basis" >
     <v>       0.18413833       0.00000000       0.00000000 </v>
     <v>       0.00000000       0.18413833       0.00000000 </v>
     <v>       0.00000000       0.00000000       0.18413833 </v>
    </varray>
   </crystal>
   <varray name="positions" >
    <v>       0.00000000       0.00000000       0.00000000 </v>
    <v>       0.00000000       0.50000000       0.50000000 </v>
    <v>       0.50000000       0.50000000       0.00000000 </v>
    <v>       0.50000000       0.00000000       0.50000000 </v>
    <v>       0.74999998       0.25000000       0.74999998 </v>
    <v>       0.25000000       0.25000000       0.25000000 </v>
    <v>       0.25000000       0.74999998       0.74999998 </v>
    <v>       0.74999998       0.74999998       0.25000000 </v>
   </varray>
  </structure>
  <varray name="forces" >
   <v>      -0.00000000       0.00000000       0.00000000 </v>
   <v>      -0.00000000       0.00000000       0.00000000 </v>
   <v>      -0.00000000      -0.00000000       0.00000000 </v>
   <v>       0.00000000       0.00000000       0.00000000 </v>
   <v>       0.00000000      -0.00000000      -0.00000000 </v>
   <v>       0.00000000       0.00000000      -0.00000000 </v>
   <v>      -0.00000000       0.00000000      -0.00000000 </v>
   <v>       0.00000000       0.00000000      -0.00000000 </v>
  </varray>
  <varray name="stress" >
   <v>      19.15574173      -0.00000000      -0.00000000 </v>
   <v>       0.00000000      19.15574173       0.00000000 </v>
   <v>      -0.00000000      -0.00000000      19.15574173 </v>
  </varray>
  <energy>
   <i name="e_fr_energy">    -43.23716188 </i>
   <i name="e_wo_entrp">    -43.23716188 </i>
   <i name="e_0_energy">     -0.00000000 </i>
  </energy>
  <time name="totalsc">    1.45    3.14</time>
  <eigenvalues>
   <array>
    <dimension dim="1">band</dimension>
    <dimension dim="2">kpoint</dimension>
    <dimension dim="3">spin</dimension>
    <field>eigene</field>
    <field>occ</field>
    <set>
     <set comment="spin 1">
      <set comment="kpoint 1">
       <r>   -6.1237    1.0000 </r>
       <r>   -1.9781    1.0000 </r>
       <r>   -1.9781    1.0000 </r>
       <r>   -1.9781    1.0000 </r>
       <r>   -1.9781    1.0000 </r>
       <r>   -1.9781    1.0000 </r>
       <r>   -1.9781    1.0000 </r>
       <r>    2.9854    1.0000 </r>
       <r>    2.9854    1.0000 </r>
       <r>    2.9854    1.0000 </r>
       <r>    2.9854    1.0000 </r>
       <r>    2.9854    1.0000 </r>
       <r>    2.9854    1.0000 </r>
       <r>    5.8397    1.0000 </r>
       <r>    5.8397    1.0000 </r>
       <r>    5.8397    1.0000 </r>
       <r>    6.5468    0.0000 </r>
       <r>    6.5468    0.0000 </r>
       <r>    6.5468    0.0000 </r>
       <r>    6.5468    0.0000 </r>
       <r>    6.5468    0.0000 </r>
       <r>    6.5468    0.0000 </r>
      </set>
      <set comment="kpoint 2">
       <r>   -5.6395    1.0000 </r>
       <r>   -4.2188    1.0000 </r>
       <r>   -1.8581    1.0000 </r>
       <r>   -1.8581    1.0000 </r>
       <r>   -1.8581    1.0000 </r>
       <r>   -1.8581    1.0000 </r>
       <r>    0.8287    1.0000 </r>
       <r>    2.1924    1.0000 </r>
       <r>    2.1924    1.0000 </r>
       <r>    2.1924    1.0000 </r>
       <r>    2.1924    1.0000 </r>
       <r>    3.4200    1.0000 </r>
       <r>    3.4200    1.0000 </r>
       <r>    3.8015    1.0000 </r>
       <r>    4.6448    1.0000 </r>
       <r>    4.6448    1.0000 </r>
       <r>    6.5645    0.0000 </r>
       <r>    7.5426    0.0000 </r>
       <r>    7.8292    0.0000 </r>
       <r>    8.5876    0.0000 </r>
       <r>    8.5876    0.0000 </r>
       <r>    8.5876    0.0000 </r>
      </set>
      <set comment="kpoint 3">
       <r>   -5.1739    1.0000 </r>
       <r>   -3.8335    1.0000 </r>
       <r>   -3.8335    1.0000 </r>
       <r>   -2.8583    1.0000 </r>
       <r>   -0.9316    1.0000 </r>
       <r>    0.1954    1.0000 </r>
       <r>    0.1954    1.0000 </r>
       <r>    1.4243    1.0000 </r>
       <r>    2.1219    1.0000 </r>
       <r>    2.2679    1.0000 </r>
       <r>    2.2679    1.0000 </r>
       <r>    3.4250    1.0000 </r>
       <r>    3.5431    1.0000 </r>
       <r>    3.5431    1.0000 </r>
       <r>    3.7262    1.0000 </r>
       <r>    5.2740    1.0000 </r>
       <r>    7.4055    0.0000 </r>
       <r>    8.6935    0.0000 </r>
       <r>    8.6935    0.0000 </r>
       <r>    8.8818    0.0000 </r>
       <r>    9.3987    0.0000 </r>
       <r>    9.5551    0.0000 </r>
      </set>
      <set comment="kpoint 4">
       <r>   -4.7464    1.0000 </r>
       <r>   -3.6319    1.0000 </r>
       <r>   -3.6319    1.0000 </r>
       <r>   -3.6319    1.0000 </r>
       <r>   -0.7673    1.0000 </r>
       <r>   -0.7673    1.0000 </r>
       <r>   -0.7673    1.0000 </r>
       <r>    0.5040    1.0000 </r>
       <r>    3.0616    1.0000 </r>
       <r>    3.0616    1.0000 </r>
       <r>    3.0616    1.0000 </r>
       <r>    4.0619    1.0000 </r>
       <r>    4.0619    1.0000 </r>
       <r>    4.0619    1.0000 </r>
       <r>    4.8380    1.0000 </r>
       <r>    4.8380    1.0000 </r>
       <r>    7.6043    0.0000 </r>
       <r>    7.8814    0.0000 </r>
       <r>    7.8814    0.0000 </r>
       <r>    7.8814    0.0000 </r>
       <r>    9.3471    0.0000 </r>
       <r>    9.3471    0.0000 </r>
      </set>
     </set>
    </set>
   </array>
  </eigenvalues>
  <separator name="orbital magnetization" >
   <v name="MAGDIPOLOUT">      0.00000000      0.00000000      0.00000000</v>
  </separator>
  <dos>
   <i name="efermi">      6.08664212 </i>
   <total>
    <array>
     <dimension dim="1">gridpoints</dimension>
     <dimension dim="2">spin</dimension>
     <field>energy</field>
     <field>total</field>
     <field>integrated</field>
     <set>
      <set comment="spin 1">
       <r>    -6.9076     0.0000     0.0000 </r>
       <r>    -6.8501     0.0000     0.0000 </r>
       <r>    -6.7927     0.0000     0.0000 </r>
       <r>    -6.7352     0.0000     0.0000 </r>
       <r>    -6.6777     0.0000     0.0000 </r>
       <r>    -6.6202     0.0000     0.0000 </r>
       <r>    -6.5627     0.0000     0.0000 </r>
       <r>    -6.5052     0.0000     0.0000 </r>
       <r>    -6.4477     0.0000     0.0000 </r>
       <r>    -6.3902     0.0000     0.0000 </r>
       <r>    -6.3327     0.0000     0.0000 </r>
       <r>    -6.2753     0.0000     0.0000 </r>
       <r>    -6.2178     0.0050     0.0003 </r>
       <r>    -6.1603     0.1888     0.0111 </r>
       <r>    -6.1028     0.7376     0.0535 </r>
       <r>    -6.0453     0.3400     0.0731 </r>
       <r>    -5.9878     0.0171     0.0741 </r>
       <r>    -5.9303     0.0001     0.0741 </r>
       <r>    -5.8728     0.0000     0.0741 </r>
       <r>    -5.8153     0.0000     0.0741 </r>
       <r>    -5.7579     0.0031     0.0743 </r>
       <r>    -5.7004     0.3250     0.0929 </r>
       <r>    -5.6429     3.2388     0.2791 </r>
       <r>    -5.5854     3.6760     0.4905 </r>
       <r>    -5.5279     0.4818     0.5182 </r>
       <r>    -5.4704     0.0062     0.5185 </r>
       <r>    -5.4129     0.0000     0.5185 </r>
       <r>    -5.3554     0.0000     0.5185 </r>
       <r>    -5.2979     0.0035     0.5187 </r>
       <r>    -5.2405     0.4588     0.5451 </r>
       <r>    -5.1830     5.7052     0.8731 </r>
       <r>    -5.1255     7.9744     1.3315 </r>
       <r>    -5.0680     1.2989     1.4062 </r>
       <r>    -5.0105     0.0211     1.4074 </r>
       <r>    -4.9530     0.0000     1.4074 </r>
       <r>    -4.8955     0.0001     1.4074 </r>
       <r>    -4.8380     0.0492     1.4102 </r>
       <r>    -4.7805     1.6745     1.5065 </r>
       <r>    -4.7231     5.9623     1.8493 </r>
       <r>    -4.6656     2.5074     1.9934 </r>
       <r>    -4.6081     0.1140     2.0000 </r>
       <r>    -4.5506     0.0005     2.0000 </r>
       <r>    -4.4931     0.0000     2.0000 </r>
       <r>    -4.4356     0.0000     2.0000 </r>
       <r>    -4.3781     0.0000     2.0000 </r>
       <r>    -4.3206     0.0153     2.0009 </r>
       <r>    -4.2631     0.7951     2.0466 </r>
       <r>    -4.2057     4.1751     2.2866 </r>
       <r>    -4.1482     2.5686     2.4343 </r>
       <r>    -4.0907     0.1758     2.4444 </r>
       <r>    -4.0332     0.0011     2.4444 </r>
       <r>    -3.9757     0.0009     2.4445 </r>
       <r>    -3.9182     0.2551     2.4592 </r>
       <r>    -3.8607     6.5644     2.8365 </r>
       <r>    -3.8032    18.0399     3.8736 </r>
       <r>    -3.7458     5.8812     4.2117 </r>
       <r>    -3.6883     1.8990     4.3209 </r>
       <r>    -3.6308    14.1477     5.1343 </r>
       <r>    -3.5733    13.5568     5.9136 </r>
       <r>    -3.5158     1.4869     5.9991 </r>
       <r>    -3.4583     0.0158     6.0000 </r>
       <r>    -3.4008     0.0000     6.0000 </r>
       <r>    -3.3433     0.0000     6.0000 </r>
       <r>    -3.2858     0.0000     6.0000 </r>
       <r>    -3.2284     0.0000     6.0000 </r>
       <r>    -3.1709     0.0000     6.0000 </r>
       <r>    -3.1134     0.0000     6.0000 </r>
       <r>    -3.0559     0.0000     6.0000 </r>
       <r>    -2.9984     0.0006     6.0000 </r>
       <r>    -2.9409     0.1499     6.0087 </r>
       <r>    -2.8834     3.5403     6.2122 </r>
       <r>    -2.8259     8.9887     6.7289 </r>
       <r>    -2.7684     2.6971     6.8840 </r>
       <r>    -2.7110     0.0851     6.8889 </r>
       <r>    -2.6535     0.0002     6.8889 </r>
       <r>    -2.5960     0.0000     6.8889 </r>
       <r>    -2.5385     0.0000     6.8889 </r>
       <r>    -2.4810     0.0000     6.8889 </r>
       <r>    -2.4235     0.0000     6.8889 </r>
       <r>    -2.3660     0.0000     6.8889 </r>
       <r>    -2.3085     0.0000     6.8889 </r>
       <r>    -2.2510     0.0000     6.8889 </r>
       <r>    -2.1936     0.0000     6.8889 </r>
       <r>    -2.1361     0.0000     6.8889 </r>
       <r>    -2.0786     0.0173     6.8899 </r>
       <r>    -2.0211     0.8492     6.9387 </r>
       <r>    -1.9636     4.2745     7.1844 </r>
       <r>    -1.9061     5.1333     7.4795 </r>
       <r>    -1.8486    16.2021     8.4110 </r>
       <r>    -1.7911    11.2812     9.0595 </r>
       <r>    -1.7336     0.8906     9.1107 </r>
       <r>    -1.6762     0.0066     9.1111 </r>
       <r>    -1.6187     0.0000     9.1111 </r>
       <r>    -1.5612     0.0000     9.1111 </r>
       <r>    -1.5037     0.0000     9.1111 </r>
       <r>    -1.4462     0.0000     9.1111 </r>
       <r>    -1.3887     0.0000     9.1111 </r>
       <r>    -1.3312     0.0000     9.1111 </r>
       <r>    -1.2737     0.0000     9.1111 </r>
       <r>    -1.2162     0.0000     9.1111 </r>
       <r>    -1.1588     0.0000     9.1111 </r>
       <r>    -1.1013     0.0000     9.1111 </r>
       <r>    -1.0438     0.0117     9.1118 </r>
       <r>    -0.9863     0.9307     9.1653 </r>
       <r>    -0.9288     7.2764     9.5836 </r>
       <r>    -0.8713     6.6122     9.9637 </r>
       <r>    -0.8138     3.5377    10.1671 </r>
       <r>    -0.7563    16.3283    11.1058 </r>
       <r>    -0.6988    10.8730    11.7309 </r>
       <r>    -0.6414     0.8103    11.7775 </r>
       <r>    -0.5839     0.0057    11.7778 </r>
       <r>    -0.5264     0.0000    11.7778 </r>
       <r>    -0.4689     0.0000    11.7778 </r>
       <r>    -0.4114     0.0000    11.7778 </r>
       <r>    -0.3539     0.0000    11.7778 </r>
       <r>    -0.2964     0.0000    11.7778 </r>
       <r>    -0.2389     0.0000    11.7778 </r>
       <r>    -0.1814     0.0000    11.7778 </r>
       <r>    -0.1240     0.0000    11.7778 </r>
       <r>    -0.0665     0.0000    11.7778 </r>
       <r>    -0.0090     0.0000    11.7778 </r>
       <r>     0.0485     0.0005    11.7778 </r>
       <r>     0.1060     0.1772    11.7880 </r>
       <r>     0.1635     5.5029    12.1043 </r>
       <r>     0.2210    17.9969    13.1390 </r>
       <r>     0.2785     6.9566    13.5389 </r>
       <r>     0.3360     0.2887    13.5555 </r>
       <r>     0.3934     0.0101    13.5561 </r>
       <r>     0.4509     0.6768    13.5950 </r>
       <r>     0.5084     4.9765    13.8811 </r>
       <r>     0.5659     4.2327    14.1244 </r>
       <r>     0.6234     0.4092    14.1479 </r>
       <r>     0.6809     0.0039    14.1482 </r>
       <r>     0.7384     0.0410    14.1505 </r>
       <r>     0.7959     1.3248    14.2267 </r>
       <r>     0.8534     4.4895    14.4848 </r>
       <r>     0.9108     1.7978    14.5881 </r>
       <r>     0.9683     0.0775    14.5926 </r>
       <r>     1.0258     0.0003    14.5926 </r>
       <r>     1.0833     0.0000    14.5926 </r>
       <r>     1.1408     0.0000    14.5926 </r>
       <r>     1.1983     0.0000    14.5926 </r>
       <r>     1.2558     0.0000    14.5926 </r>
       <r>     1.3133     0.0130    14.5933 </r>
       <r>     1.3708     0.9900    14.6503 </r>
       <r>     1.4282     7.4106    15.0763 </r>
       <r>     1.4857     6.4113    15.4449 </r>
       <r>     1.5432     0.6311    15.4811 </r>
       <r>     1.6007     0.0060    15.4815 </r>
       <r>     1.6582     0.0000    15.4815 </r>
       <r>     1.7157     0.0000    15.4815 </r>
       <r>     1.7732     0.0000    15.4815 </r>
       <r>     1.8307     0.0000    15.4815 </r>
       <r>     1.8882     0.0000    15.4815 </r>
       <r>     1.9456     0.0000    15.4815 </r>
       <r>     2.0031     0.0060    15.4818 </r>
       <r>     2.0606     0.6373    15.5185 </r>
       <r>     2.1181     6.9711    15.9192 </r>
       <r>     2.1756    16.8034    16.8852 </r>
       <r>     2.2331    23.1139    18.2140 </r>
       <r>     2.2906    21.6309    19.4576 </r>
       <r>     2.3481     7.7854    19.9051 </r>
       <r>     2.4056     0.3601    19.9258 </r>
       <r>     2.4630     0.0015    19.9259 </r>
       <r>     2.5205     0.0000    19.9259 </r>
       <r>     2.5780     0.0000    19.9259 </r>
       <r>     2.6355     0.0000    19.9259 </r>
       <r>     2.6930     0.0000    19.9259 </r>
       <r>     2.7505     0.0000    19.9259 </r>
       <r>     2.8080     0.0000    19.9259 </r>
       <r>     2.8655     0.0027    19.9261 </r>
       <r>     2.9230     0.2972    19.9432 </r>
       <r>     2.9804     3.4686    20.1426 </r>
       <r>     3.0379    11.2196    20.7876 </r>
       <r>     3.0954    18.4278    21.8470 </r>
       <r>     3.1529     5.0877    22.1395 </r>
       <r>     3.2104     0.1509    22.1481 </r>
       <r>     3.2679     0.0006    22.1482 </r>
       <r>     3.3254     0.0945    22.1536 </r>
       <r>     3.3829     3.9747    22.3821 </r>
       <r>     3.4404    17.4038    23.3826 </r>
       <r>     3.4978    12.0367    24.0746 </r>
       <r>     3.5553    17.0678    25.0558 </r>
       <r>     3.6128    10.5304    25.6612 </r>
       <r>     3.6703     1.6183    25.7542 </r>
       <r>     3.7278     7.2817    26.1728 </r>
       <r>     3.7853     9.0707    26.6943 </r>
       <r>     3.8428     5.0150    26.9826 </r>
       <r>     3.9003     0.9268    27.0359 </r>
       <r>     3.9578     0.0698    27.0399 </r>
       <r>     4.0152     2.8397    27.2031 </r>
       <r>     4.0727    16.2912    28.1397 </r>
       <r>     4.1302    10.9185    28.7674 </r>
       <r>     4.1877     0.8189    28.8145 </r>
       <r>     4.2452     0.0058    28.8148 </r>
       <r>     4.3027     0.0000    28.8148 </r>
       <r>     4.3602     0.0000    28.8148 </r>
       <r>     4.4177     0.0000    28.8148 </r>
       <r>     4.4752     0.0000    28.8148 </r>
       <r>     4.5326     0.0117    28.8155 </r>
       <r>     4.5901     0.9325    28.8691 </r>
       <r>     4.6476     7.2805    29.2876 </r>
       <r>     4.7051     6.5589    29.6647 </r>
       <r>     4.7626     1.0115    29.7229 </r>
       <r>     4.8201     5.9802    30.0666 </r>
       <r>     4.8776    11.5923    30.7331 </r>
       <r>     4.9351     2.6480    30.8853 </r>
       <r>     4.9926     0.0621    30.8889 </r>
       <r>     5.0500     0.0001    30.8889 </r>
       <r>     5.1075     0.0000    30.8889 </r>
       <r>     5.1650     0.0158    30.8898 </r>
       <r>     5.2225     1.1051    30.9533 </r>
       <r>     5.2800     7.6451    31.3928 </r>
       <r>     5.3375     6.1338    31.7455 </r>
       <r>     5.3950     0.5573    31.7775 </r>
       <r>     5.4525     0.0048    31.7778 </r>
       <r>     5.5100     0.0000    31.7778 </r>
       <r>     5.5674     0.0000    31.7778 </r>
       <r>     5.6249     0.0000    31.7778 </r>
       <r>     5.6824     0.0000    31.7778 </r>
       <r>     5.7399     0.0092    31.7783 </r>
       <r>     5.7974     0.4383    31.8035 </r>
       <r>     5.8549     2.1280    31.9258 </r>
       <r>     5.9124     1.2131    31.9956 </r>
       <r>     5.9699     0.0765    32.0000 </r>
       <r>     6.0274     0.0004    32.0000 </r>
       <r>     6.0848     0.0000    32.0000 </r>
       <r>     6.1423     0.0000    32.0000 </r>
       <r>     6.1998     0.0000    32.0000 </r>
       <r>     6.2573     0.0000    32.0000 </r>
       <r>     6.3148     0.0000    32.0000 </r>
       <r>     6.3723     0.0000    32.0000 </r>
       <r>     6.4298     0.0041    32.0002 </r>
       <r>     6.4873     0.4640    32.0269 </r>
       <r>     6.5448     5.4463    32.3400 </r>
       <r>     6.6022     7.9904    32.7994 </r>
       <r>     6.6597     1.5243    32.8870 </r>
       <r>     6.7172     0.0327    32.8889 </r>
       <r>     6.7747     0.0001    32.8889 </r>
       <r>     6.8322     0.0000    32.8889 </r>
       <r>     6.8897     0.0000    32.8889 </r>
       <r>     6.9472     0.0000    32.8889 </r>
       <r>     7.0047     0.0000    32.8889 </r>
       <r>     7.0622     0.0000    32.8889 </r>
       <r>     7.1196     0.0000    32.8889 </r>
       <r>     7.1771     0.0000    32.8889 </r>
       <r>     7.2346     0.0000    32.8889 </r>
       <r>     7.2921     0.0104    32.8895 </r>
       <r>     7.3496     0.8699    32.9395 </r>
       <r>     7.4071     7.1284    33.3493 </r>
       <r>     7.4646     6.8272    33.7418 </r>
       <r>     7.5221     2.8934    33.9081 </r>
       <r>     7.5796     6.8140    34.2999 </r>
       <r>     7.6370     7.1008    34.7081 </r>
       <r>     7.6945     1.8021    34.8117 </r>
       <r>     7.7520     0.1709    34.8215 </r>
       <r>     7.8095     2.7652    34.9805 </r>
       <r>     7.8670    14.3067    35.8029 </r>
       <r>     7.9245    17.9850    36.8369 </r>
       <r>     7.9820     3.4129    37.0331 </r>
       <r>     8.0395     0.0689    37.0370 </r>
       <r>     8.0970     0.0001    37.0370 </r>
       <r>     8.1544     0.0000    37.0370 </r>
       <r>     8.2119     0.0000    37.0370 </r>
       <r>     8.2694     0.0000    37.0370 </r>
       <r>     8.3269     0.0000    37.0370 </r>
       <r>     8.3844     0.0000    37.0370 </r>
       <r>     8.4419     0.0004    37.0371 </r>
       <r>     8.4994     0.1460    37.0455 </r>
       <r>     8.5569     4.3234    37.2940 </r>
       <r>     8.6144    13.9100    38.0937 </r>
       <r>     8.6718    12.9559    38.8385 </r>
       <r>     8.7293    17.9667    39.8714 </r>
       <r>     8.7868     4.7415    40.1440 </r>
       <r>     8.8443     2.3082    40.2767 </r>
       <r>     8.9018     8.8098    40.7831 </r>
       <r>     8.9593     4.1975    41.0244 </r>
       <r>     9.0168     0.2183    41.0370 </r>
       <r>     9.0743     0.0010    41.0370 </r>
       <r>     9.1318     0.0000    41.0370 </r>
       <r>     9.1892     0.0001    41.0370 </r>
       <r>     9.2467     0.0466    41.0397 </r>
       <r>     9.3042     2.3296    41.1736 </r>
       <r>     9.3617    13.5122    41.9504 </r>
       <r>     9.4192    15.4148    42.8366 </r>
       <r>     9.4767     4.7656    43.1106 </r>
       <r>     9.5342     4.2935    43.3574 </r>
       <r>     9.5917     8.8520    43.8663 </r>
       <r>     9.6492     2.2651    43.9965 </r>
       <r>     9.7066     0.0601    44.0000 </r>
       <r>     9.7641     0.0001    44.0000 </r>
       <r>     9.8216     0.0000    44.0000 </r>
       <r>     9.8791     0.0000    44.0000 </r>
       <r>     9.9366     0.0000    44.0000 </r>
       <r>     9.9941     0.0000    44.0000 </r>
       <r>    10.0516     0.0000    44.0000 </r>
       <r>    10.1091     0.0000    44.0000 </r>
       <r>    10.1666     0.0000    44.0000 </r>
       <r>    10.2240     0.0000    44.0000 </r>
       <r>    10.2815     0.0000    44.0000 </r>
       <r>    10.3390     0.0000    44.0000 </r>
      </set>
     </set>
    </array>
   </total>
  </dos>
 </calculation>
 <structure name="finalpos" >
  <crystal>
   <varray name="basis" >
    <v>       5.43069983       0.00000000       0.00000000 </v>
    <v>       0.00000000       5.43069983       0.00000000 </v>
    <v>       0.00000000       0.00000000       5.43069983 </v>
   </varray>
   <i name="volume">    160.16491782 </i>
   <varray name="rec_basis" >
    <v>       0.18413833       0.00000000       0.00000000 </v>
    <v>       0.00000000       0.18413833       0.00000000 </v>
    <v>       0.00000000       0.00000000       0.18413833 </v>
   </varray>
  </crystal>
  <varray name="positions" >
   <v>       0.00000000       0.00000000       0.00000000 </v>
   <v>       0.00000000       0.50000000       0.50000000 </v>
   <v>       0.50000000       0.50000000       0.00000000 </v>
   <v>       0.50000000       0.00000000       0.50000000 </v>
   <v>       0.74999998       0.25000000       0.74999998 </v>
   <v>       0.25000000       0.25000000       0.25000000 </v>
   <v>       0.25000000       0.74999998       0.74999998 </v>
   <v>       0.74999998       0.74999998       0.25000000 </v>
  </varray>
 </structure>
</modeling>
