<?xml version="1.0" encoding="ISO-8859-1"?>
<modeling>
 <generator>
  <i name="program" type="string">vasp </i>
  <i name="version" type="string">5.4.4.18Apr17-6-g9f103f2a35  </i>
  <i name="subversion" type="string">(build Oct 10 2020 22:07:06) complex            parallel </i>
  <i name="platform" type="string">LinuxGNU </i>
  <i name="date" type="string">2020 10 12 </i>
  <i name="time" type="string">16:12:32 </i>
 </generator>
 <incar>
  <i type="string" name="SYSTEM"> bi2se3</i>
  <i type="int" name="ISTART">     0</i>
  <i type="string" name="PREC">accurate</i>
  <i type="int" name="ICHARG">     2</i>
  <i type="int" name="NELM">   100</i>
  <i type="int" name="IBRION">    -1</i>
  <i name="EDIFF">      0.00000100</i>
  <i name="EDIFFG">     -0.01000000</i>
  <i type="int" name="NSW">     0</i>
  <i type="int" name="ISIF">     3</i>
  <i name="ENCUT">    600.00000000</i>
  <i name="POTIM">      0.25000000</i>
  <i type="logical" name="LREAL"> F  </i>
  <i type="int" name="ISMEAR">    -5</i>
  <i name="SIGMA">      0.05000000</i>
  <i type="logical" name="LWAVE"> T  </i>
  <i type="logical" name="LCHARG"> T  </i>
  <v type="int" name="KPOINT_BSE">    -1     0     0     0</v>
  <i type="int" name="NELM">   100</i>
 </incar>
 <structure name="primitive_cell" >
  <crystal>
   <varray name="basis" >
    <v>      -2.06900000      -3.58361400       0.00000000 </v>
    <v>       2.06900000      -3.58361400       0.00000000 </v>
    <v>       0.00000000       2.38907500       9.54666700 </v>
   </varray>
   <i name="volume">    141.56747465 </i>
   <varray name="rec_basis" >
    <v>      -0.24166264      -0.13952396       0.03491619 </v>
    <v>       0.24166264      -0.13952396       0.03491619 </v>
    <v>       0.00000000       0.00000000       0.10474860 </v>
   </varray>
  </crystal>
  <varray name="positions" >
   <v>       0.39900000       0.39900000      -0.30300000 </v>
   <v>      -0.20600000      -0.20600000      -0.11800000 </v>
   <v>       0.00000000       0.00000000      -0.50000000 </v>
   <v>      -0.39900000      -0.39900000       0.30300000 </v>
   <v>       0.20600000       0.20600000       0.11800000 </v>
  </varray>
 </structure>
 <varray name="primitive_index" >
  <v type="int" >        1 </v>
  <v type="int" >        5 </v>
  <v type="int" >        3 </v>
  <v type="int" >        2 </v>
  <v type="int" >        4 </v>
 </varray>
 <kpoints>
  <generation param="Gamma">
   <v type="int" name="divisions">       5        5        2 </v>
   <v name="usershift">      0.00000000       0.00000000       0.00000000 </v>
   <v name="genvec1">      0.20000000       0.00000000       0.00000000 </v>
   <v name="genvec2">      0.00000000       0.20000000       0.00000000 </v>
   <v name="genvec3">      0.00000000       0.00000000       0.50000000 </v>
   <v name="shift">      0.00000000       0.00000000       0.00000000 </v>
  </generation>
  <varray name="kpointlist" >
   <v>       0.00000000       0.00000000       0.00000000 </v>
   <v>       0.20000000       0.00000000       0.00000000 </v>
   <v>       0.40000000       0.00000000       0.00000000 </v>
   <v>       0.20000000       0.20000000       0.00000000 </v>
   <v>       0.40000000       0.20000000       0.00000000 </v>
   <v>      -0.40000000       0.20000000       0.00000000 </v>
   <v>      -0.20000000       0.20000000       0.00000000 </v>
   <v>       0.40000000       0.40000000       0.00000000 </v>
   <v>      -0.40000000       0.40000000       0.00000000 </v>
   <v>       0.00000000       0.00000000       0.50000000 </v>
   <v>       0.20000000       0.00000000       0.50000000 </v>
   <v>       0.40000000       0.00000000       0.50000000 </v>
   <v>       0.20000000       0.20000000       0.50000000 </v>
   <v>       0.40000000       0.20000000       0.50000000 </v>
   <v>      -0.40000000       0.20000000       0.50000000 </v>
   <v>      -0.20000000       0.20000000       0.50000000 </v>
   <v>       0.40000000       0.40000000       0.50000000 </v>
   <v>      -0.40000000       0.40000000       0.50000000 </v>
  </varray>
  <varray name="weights" >
   <v>       0.02000000 </v>
   <v>       0.08000000 </v>
   <v>       0.08000000 </v>
   <v>       0.04000000 </v>
   <v>       0.08000000 </v>
   <v>       0.08000000 </v>
   <v>       0.04000000 </v>
   <v>       0.04000000 </v>
   <v>       0.04000000 </v>
   <v>       0.02000000 </v>
   <v>       0.08000000 </v>
   <v>       0.08000000 </v>
   <v>       0.04000000 </v>
   <v>       0.08000000 </v>
   <v>       0.08000000 </v>
   <v>       0.04000000 </v>
   <v>       0.04000000 </v>
   <v>       0.04000000 </v>
  </varray>
  <varray name="tetrahedronlist"  type="int" >
   <v type="int" >        4        1        2        4       10 </v>
   <v type="int" >        4        2        4       10       11 </v>
   <v type="int" >        4        4       10       11       13 </v>
   <v type="int" >        4        2        3        5       11 </v>
   <v type="int" >        4        2        4        5       11 </v>
   <v type="int" >        4        4        5       11       13 </v>
   <v type="int" >        4        3        5       11       12 </v>
   <v type="int" >        4        5       11       12       14 </v>
   <v type="int" >        4        5       11       13       14 </v>
   <v type="int" >        4        3        3        6       12 </v>
   <v type="int" >        4        3        5        6       12 </v>
   <v type="int" >        4        5        6       12       14 </v>
   <v type="int" >        4        3        6       12       12 </v>
   <v type="int" >        4        6       12       12       15 </v>
   <v type="int" >        4        6       12       14       15 </v>
   <v type="int" >        4        2        3        7       12 </v>
   <v type="int" >        4        3        6        7       12 </v>
   <v type="int" >        4        6        7       12       15 </v>
   <v type="int" >        4        2        7       11       12 </v>
   <v type="int" >        4        7       11       12       16 </v>
   <v type="int" >        4        7       12       15       16 </v>
   <v type="int" >        4        1        2        2       11 </v>
   <v type="int" >        4        2        2        7       11 </v>
   <v type="int" >        4        2        7       11       16 </v>
   <v type="int" >        4        1        2       10       11 </v>
   <v type="int" >        4        2       10       11       11 </v>
   <v type="int" >        4        2       11       11       16 </v>
   <v type="int" >        4        4        5        8       13 </v>
   <v type="int" >        4        5        8       13       14 </v>
   <v type="int" >        4        8       13       14       17 </v>
   <v type="int" >        4        5        6        9       14 </v>
   <v type="int" >        4        5        8        9       14 </v>
   <v type="int" >        4        8        9       14       17 </v>
   <v type="int" >        4        6        9       14       15 </v>
   <v type="int" >        4        9       14       15       18 </v>
   <v type="int" >        4        9       14       17       18 </v>
   <v type="int" >        4        6        6        7       15 </v>
   <v type="int" >        4        6        6        9       15 </v>
   <v type="int" >        4        6        9       15       18 </v>
   <v type="int" >        4        6        7       15       16 </v>
   <v type="int" >        4        6       15       15       16 </v>
   <v type="int" >        4        6       15       15       18 </v>
   <v type="int" >        4        2        3        7       16 </v>
   <v type="int" >        4        3        6        7       16 </v>
   <v type="int" >        4        3        6       15       16 </v>
   <v type="int" >        4        2        3       11       16 </v>
   <v type="int" >        4        3       11       12       16 </v>
   <v type="int" >        4        3       12       15       16 </v>
   <v type="int" >        4        8        8        9       17 </v>
   <v type="int" >        4        8        9       17       18 </v>
   <v type="int" >        4        8       17       17       18 </v>
   <v type="int" >        4        5        6        9       18 </v>
   <v type="int" >        4        5        8        9       18 </v>
   <v type="int" >        4        5        8       17       18 </v>
   <v type="int" >        4        5        6       15       18 </v>
   <v type="int" >        4        5       14       15       18 </v>
   <v type="int" >        4        5       14       17       18 </v>
   <v type="int" >        4        3        3        6       15 </v>
   <v type="int" >        4        3        5        6       15 </v>
   <v type="int" >        4        3        5       14       15 </v>
   <v type="int" >        4        3        3       12       15 </v>
   <v type="int" >        4        3       12       12       15 </v>
   <v type="int" >        4        3       12       14       15 </v>
   <v type="int" >        4        4        5        8       17 </v>
   <v type="int" >        4        4        5       14       17 </v>
   <v type="int" >        4        4       13       14       17 </v>
   <v type="int" >        4        2        3        5       14 </v>
   <v type="int" >        4        2        4        5       14 </v>
   <v type="int" >        4        2        4       13       14 </v>
   <v type="int" >        4        2        3       12       14 </v>
   <v type="int" >        4        2       11       12       14 </v>
   <v type="int" >        4        2       11       13       14 </v>
   <v type="int" >        4        1        2        4       13 </v>
   <v type="int" >        4        1        2       11       13 </v>
   <v type="int" >        4        1       10       11       13 </v>
  </varray>
  <i name="volumeweight">      0.00333333 </i>
 </kpoints>
 <parameters>
  <separator name="general" >
   <i type="string" name="SYSTEM">bi2se3</i>
   <i type="logical" name="LCOMPAT"> F  </i>
  </separator>
  <separator name="electronic" >
   <i type="string" name="PREC">accura</i>
   <i name="ENMAX">    600.00000000</i>
   <i name="ENAUG">    446.84200000</i>
   <i name="EDIFF">      0.00000100</i>
   <i type="int" name="IALGO">    38</i>
   <i type="int" name="IWAVPR">    10</i>
   <i type="int" name="NBANDS">    20</i>
   <i name="NELECT">     28.00000000</i>
   <i type="int" name="TURBO">     0</i>
   <i type="int" name="IRESTART">     0</i>
   <i type="int" name="NREBOOT">     0</i>
   <i type="int" name="NMIN">     0</i>
   <i name="EREF">      0.00000000</i>
   <separator name="electronic smearing" >
    <i type="int" name="ISMEAR">    -5</i>
    <i name="SIGMA">      0.05000000</i>
    <i name="KSPACING">      0.50000000</i>
    <i type="logical" name="KGAMMA"> T  </i>
   </separator>
   <separator name="electronic projectors" >
    <i type="logical" name="LREAL"> F  </i>
    <v name="ROPT">      0.00000000      0.00000000</v>
    <i type="int" name="LMAXPAW">  -100</i>
    <i type="int" name="LMAXMIX">     2</i>
    <i type="logical" name="NLSPLINE"> F  </i>
   </separator>
   <separator name="electronic startup" >
    <i type="int" name="ISTART">     0</i>
    <i type="int" name="ICHARG">     2</i>
    <i type="int" name="INIWAV">     1</i>
   </separator>
   <separator name="electronic spin" >
    <i type="int" name="ISPIN">     1</i>
    <i type="logical" name="LNONCOLLINEAR"> F  </i>
    <v name="MAGMOM">      1.00000000      1.00000000      1.00000000      1.00000000      1.00000000</v>
    <i name="NUPDOWN">     -1.00000000</i>
    <i type="logical" name="LSORBIT"> F  </i>
    <v name="SAXIS">      0.00000000      0.00000000      1.00000000</v>
    <i type="logical" name="LSPIRAL"> F  </i>
    <v name="QSPIRAL">      0.00000000      0.00000000      0.00000000</v>
    <i type="logical" name="LZEROZ"> F  </i>
   </separator>
   <separator name="electronic exchange-correlation" >
    <i type="logical" name="LASPH"> F  </i>
    <i type="logical" name="LMETAGGA"> F  </i>
   </separator>
   <separator name="electronic convergence" >
    <i type="int" name="NELM">   100</i>
    <i type="int" name="NELMDL">    -5</i>
    <i type="int" name="NELMIN">     2</i>
    <i name="ENINI">    600.00000000</i>
    <separator name="electronic convergence detail" >
     <i type="logical" name="LDIAG"> T  </i>
     <i type="logical" name="LSUBROT"> F  </i>
     <i name="WEIMIN">      0.00000000</i>
     <i name="EBREAK">      0.00000001</i>
     <i name="DEPER">      0.30000000</i>
     <i type="int" name="NRMM">     4</i>
     <i name="TIME">      0.40000000</i>
    </separator>
   </separator>
   <separator name="electronic mixer" >
    <i name="AMIX">      0.40000000</i>
    <i name="BMIX">      1.00000000</i>
    <i name="AMIN">      0.10000000</i>
    <i name="AMIX_MAG">      1.60000000</i>
    <i name="BMIX_MAG">      1.00000000</i>
    <separator name="electronic mixer details" >
     <i type="int" name="IMIX">     4</i>
     <i type="logical" name="MIXFIRST"> F  </i>
     <i type="int" name="MAXMIX">   -45</i>
     <i name="WC">    100.00000000</i>
     <i type="int" name="INIMIX">     1</i>
     <i type="int" name="MIXPRE">     1</i>
     <i type="int" name="MREMOVE">     5</i>
    </separator>
   </separator>
   <separator name="electronic dipolcorrection" >
    <i type="logical" name="LDIPOL"> F  </i>
    <i type="logical" name="LMONO"> F  </i>
    <i type="int" name="IDIPOL">     0</i>
    <i name="EPSILON">      1.00000000</i>
    <v name="DIPOL">   -100.00000000   -100.00000000   -100.00000000</v>
    <i name="EFIELD">      0.00000000</i>
   </separator>
  </separator>
  <separator name="grids" >
   <i type="int" name="NGX">    36</i>
   <i type="int" name="NGY">    36</i>
   <i type="int" name="NGZ">    80</i>
   <i type="int" name="NGXF">    72</i>
   <i type="int" name="NGYF">    72</i>
   <i type="int" name="NGZF">   160</i>
   <i type="logical" name="ADDGRID"> F  </i>
  </separator>
  <separator name="ionic" >
   <i type="int" name="NSW">     0</i>
   <i type="int" name="IBRION">    -1</i>
   <i type="int" name="MDALGO">     0</i>
   <i type="int" name="ISIF">     3</i>
   <i name="PSTRESS">      0.00000000</i>
   <i name="EDIFFG">     -0.01000000</i>
   <i type="int" name="NFREE">     0</i>
   <i name="POTIM">      0.25000000</i>
   <i name="SMASS">     -3.00000000</i>
   <i name="SCALEE">      1.00000000</i>
  </separator>
  <separator name="ionic md" >
   <i name="TEBEG">      0.00010000</i>
   <i name="TEEND">      0.00010000</i>
   <i type="int" name="NBLOCK">     1</i>
   <i type="int" name="KBLOCK">     1</i>
   <i type="int" name="NPACO">   256</i>
   <i name="APACO">     16.00000000</i>
  </separator>
  <separator name="symmetry" >
   <i type="int" name="ISYM">     2</i>
   <i name="SYMPREC">      0.00001000</i>
  </separator>
  <separator name="dos" >
   <i type="int" name="LORBIT">     0</i>
   <v name="RWIGS">     -1.00000000     -1.00000000</v>
   <i type="int" name="NEDOS">   301</i>
   <i name="EMIN">     10.00000000</i>
   <i name="EMAX">    -10.00000000</i>
   <i name="EFERMI">      0.00000000</i>
  </separator>
  <separator name="writing" >
   <i type="int" name="NWRITE">     2</i>
   <i type="logical" name="LWAVE"> T  </i>
   <i type="logical" name="LDOWNSAMPLE"> F  </i>
   <i type="logical" name="LCHARG"> T  </i>
   <i type="logical" name="LPARD"> F  </i>
   <i type="logical" name="LVTOT"> F  </i>
   <i type="logical" name="LVHAR"> F  </i>
   <i type="logical" name="LELF"> F  </i>
   <i type="logical" name="LOPTICS"> F  </i>
   <v name="STM">      0.00000000      0.00000000      0.00000000      0.00000000      0.00000000      0.00000000      0.00000000</v>
  </separator>
  <separator name="performance" >
   <i type="int" name="NPAR">     4</i>
   <i type="int" name="NSIM">     4</i>
   <i type="int" name="NBLK">    -1</i>
   <i type="logical" name="LPLANE"> T  </i>
   <i type="logical" name="LSCALAPACK"> T  </i>
   <i type="logical" name="LSCAAWARE"> F  </i>
   <i type="logical" name="LSCALU"> F  </i>
   <i type="logical" name="LASYNC"> F  </i>
   <i type="logical" name="LORBITALREAL"> F  </i>
  </separator>
  <separator name="miscellaneous" >
   <i type="int" name="IDIOT">     3</i>
   <i type="int" name="ISPECIAL">     0</i>
   <i type="logical" name="LMUSIC"> F  </i>
   <v name="POMASS">    208.98000000     78.96000000</v>
   <v name="DARWINR">      0.00000000      0.00000000</v>
   <v name="DARWINV">      1.00000000      1.00000000</v>
   <i type="logical" name="LCORR"> T  </i>
  </separator>
  <i type="logical" name="GGA_COMPAT"> T  </i>
  <i type="logical" name="LBERRY"> F  </i>
  <i type="int" name="ICORELEVEL">     0</i>
  <i type="logical" name="LDAU"> F  </i>
  <i type="int" name="I_CONSTRAINED_M">     0</i>
  <separator name="electronic exchange-correlation" >
   <i type="string" name="GGA">--</i>
   <i type="int" name="VOSKOWN">     0</i>
   <i type="logical" name="LHFCALC"> F  </i>
   <i type="string" name="PRECFOCK"></i>
   <i type="logical" name="LSYMGRAD"> F  </i>
   <i type="logical" name="LHFONE"> F  </i>
   <i type="logical" name="LRHFCALC"> F  </i>
   <i type="logical" name="LTHOMAS"> F  </i>
   <i type="logical" name="LMODELHF"> F  </i>
   <i name="ENCUT4O">     -1.00000000</i>
   <i type="int" name="EXXOEP">     0</i>
   <i type="int" name="FOURORBIT">     0</i>
   <i name="AEXX">      0.00000000</i>
   <i name="HFALPHA">      0.00000000</i>
   <i name="MCALPHA">      0.00000000</i>
   <i name="ALDAX">      1.00000000</i>
   <i name="AGGAX">      1.00000000</i>
   <i name="ALDAC">      1.00000000</i>
   <i name="AGGAC">      1.00000000</i>
   <i type="int" name="NKREDX">     1</i>
   <i type="int" name="NKREDY">     1</i>
   <i type="int" name="NKREDZ">     1</i>
   <i type="logical" name="SHIFTRED"> F  </i>
   <i type="logical" name="ODDONLY"> F  </i>
   <i type="logical" name="EVENONLY"> F  </i>
   <i type="int" name="LMAXFOCK">     0</i>
   <i type="int" name="NMAXFOCKAE">     0</i>
   <i type="logical" name="LFOCKAEDFT"> F  </i>
   <i name="HFSCREEN">      0.00000000</i>
   <i name="HFSCREENC">      0.00000000</i>
   <i type="int" name="NBANDSGWLOW">     0</i>
  </separator>
  <separator name="vdW DFT" >
   <i type="logical" name="LUSE_VDW"> F  </i>
   <i name="Zab_VDW">     -0.84910000</i>
   <i name="PARAM1">      0.12340000</i>
   <i name="PARAM2">      1.00000000</i>
   <i name="PARAM3">      0.00000000</i>
  </separator>
  <separator name="model GW" >
   <i type="int" name="MODEL_GW">     0</i>
   <i name="MODEL_EPS0">     16.98809696</i>
   <i name="MODEL_ALPHA">      1.00000000</i>
  </separator>
  <separator name="linear response parameters" >
   <i type="logical" name="LEPSILON"> F  </i>
   <i type="logical" name="LRPA"> F  </i>
   <i type="logical" name="LNABLA"> F  </i>
   <i type="logical" name="LVEL"> F  </i>
   <i type="int" name="KINTER">     0</i>
   <i name="CSHIFT">      0.10000000</i>
   <i name="OMEGAMAX">     -1.00000000</i>
   <i name="DEG_THRESHOLD">      0.00200000</i>
   <i name="RTIME">     -0.10000000</i>
   <i name="WPLASMAI">      0.00000000</i>
   <v name="DFIELD">      0.00000000      0.00000000      0.00000000</v>
   <v name="WPLASMA">      0.00000000      0.00000000      0.00000000      0.00000000      0.00000000      0.00000000      0.00000000      0.00000000      0.00000000</v>
  </separator>
  <separator name="orbital magnetization" >
   <i type="logical" name="NUCIND"> F  </i>
   <v name="MAGPOS">      0.00000000      0.00000000      0.00000000</v>
   <i type="logical" name="LNICSALL"> T  </i>
   <i type="logical" name="ORBITALMAG"> F  </i>
   <i type="logical" name="LMAGBLOCH"> F  </i>
   <i type="logical" name="LCHIMAG"> F  </i>
   <i type="logical" name="LGAUGE"> T  </i>
   <i type="int" name="MAGATOM">     0</i>
   <v name="MAGDIPOL">      0.00000000      0.00000000      0.00000000</v>
   <v name="AVECCONST">      0.00000000      0.00000000      0.00000000</v>
  </separator>
  <separator name="response functions" >
   <i type="logical" name="LADDER"> F  </i>
   <i type="logical" name="LRPAFORCE"> F  </i>
   <i type="logical" name="LFXC"> F  </i>
   <i type="logical" name="LHARTREE"> T  </i>
   <i type="int" name="IBSE">     0</i>
   <v type="int" name="KPOINT">    -1     0     0     0</v>
   <i type="logical" name="LTCTE"> F  </i>
   <i type="logical" name="LTETE"> F  </i>
   <i type="logical" name="LTRIPLET"> F  </i>
   <i type="logical" name="LFXCEPS"> F  </i>
   <i type="logical" name="LFXHEG"> F  </i>
   <i type="int" name="NATURALO">     2</i>
   <i type="logical" name="L2ORDER"> F  </i>
   <i type="logical" name="LMP2LT"> F  </i>
   <i type="logical" name="LUSEW"> F  </i>
   <i name="ENCUTGW">     -2.00000000</i>
   <i name="ENCUTGWSOFT">     -2.00000000</i>
   <i name="ENCUTLF">     -1.00000000</i>
   <i type="int" name="LMAXMP2">    -1</i>
   <i name="SCISSOR">      0.00000000</i>
   <i type="int" name="NOMEGA">     0</i>
   <i type="int" name="NOMEGAR">     0</i>
   <i type="int" name="NBANDSGW">    -1</i>
   <i type="int" name="NBANDSO">    -1</i>
   <i type="int" name="NBANDSV">    -1</i>
   <i type="int" name="NELM">   100</i>
   <i type="int" name="NELMHF">     1</i>
   <i type="int" name="DIM">     3</i>
   <i type="int" name="ANTIRES">     0</i>
   <i name="OMEGAMAX">    -30.00000000</i>
   <i name="OMEGAMIN">    -30.00000000</i>
   <i name="OMEGATL">   -200.00000000</i>
   <i type="int" name="OMEGAGRID">   140</i>
   <i name="CSHIFT">     -0.10000000</i>
   <i type="logical" name="SELFENERGY"> F  </i>
   <i type="logical" name="LSPECTRAL"> F  </i>
   <i type="logical" name="LSPECTRALGW"> F  </i>
   <i type="logical" name="LSINGLES"> F  </i>
   <i type="logical" name="LFERMIGW"> F  </i>
   <i type="logical" name="ODDONLYGW"> F  </i>
   <i type="logical" name="EVENONLYGW"> F  </i>
   <i type="int" name="NKREDLFX">     1</i>
   <i type="int" name="NKREDLFY">     1</i>
   <i type="int" name="NKREDLFZ">     1</i>
   <i type="int" name="MAXMEM">  2800</i>
   <i type="int" name="TELESCOPE">     0</i>
   <i type="int" name="TAUPAR">     1</i>
   <i type="int" name="OMEGAPAR">    -1</i>
   <i name="LAMBDA">      1.00000000</i>
  </separator>
  <separator name="External order field" >
   <i name="OFIELD_KAPPA">      0.00000000</i>
   <v name="OFIELD_K">      0.00000000      0.00000000      0.00000000</v>
   <i name="OFIELD_Q6_NEAR">      0.00000000</i>
   <i name="OFIELD_Q6_FAR">      0.00000000</i>
   <i name="OFIELD_A">      0.00000000</i>
  </separator>
 </parameters>
 <atominfo>
  <atoms>       5 </atoms>
  <types>       2 </types>
  <array name="atoms" >
   <dimension dim="1">ion</dimension>
   <field type="string">element</field>
   <field type="int">atomtype</field>
   <set>
    <rc><c>Bi</c><c>   1</c></rc>
    <rc><c>Bi</c><c>   1</c></rc>
    <rc><c>Se</c><c>   2</c></rc>
    <rc><c>Se</c><c>   2</c></rc>
    <rc><c>Se</c><c>   2</c></rc>
   </set>
  </array>
  <array name="atomtypes" >
   <dimension dim="1">type</dimension>
   <field type="int">atomspertype</field>
   <field type="string">element</field>
   <field>mass</field>
   <field>valence</field>
   <field type="string">pseudopotential</field>
   <set>
    <rc><c>   2</c><c>Bi</c><c>    208.98000000</c><c>      5.00000000</c><c>  PAW_PBE Bi 08Apr2002                  </c></rc>
    <rc><c>   3</c><c>Se</c><c>     78.96000000</c><c>      6.00000000</c><c>  PAW_PBE Se 06Sep2000                  </c></rc>
   </set>
  </array>
 </atominfo>
 <structure name="initialpos" >
  <crystal>
   <varray name="basis" >
    <v>      -2.06900000      -3.58361400       0.00000000 </v>
    <v>       2.06900000      -3.58361400       0.00000000 </v>
    <v>       0.00000000       2.38907500       9.54666700 </v>
   </varray>
   <i name="volume">    141.56747465 </i>
   <varray name="rec_basis" >
    <v>      -0.24166264      -0.13952396       0.03491619 </v>
    <v>       0.24166264      -0.13952396       0.03491619 </v>
    <v>       0.00000000       0.00000000       0.10474860 </v>
   </varray>
  </crystal>
  <varray name="positions" >
   <v>       0.39900000       0.39900000       0.69700000 </v>
   <v>       0.60100000       0.60100000       0.30300000 </v>
   <v>       0.00000000       0.00000000       0.50000000 </v>
   <v>       0.20600000       0.20600000       0.11800000 </v>
   <v>       0.79400000       0.79400000       0.88200000 </v>
  </varray>
 </structure>
 <calculation>
  <scstep>
   <time name="dav">    3.12    3.23</time>
   <time name="total">    3.41    3.53</time>
   <energy>
    <i name="alphaZ">     39.23162007 </i>
    <i name="ewald">  -1056.08405188 </i>
    <i name="hartreedc">    -84.01209854 </i>
    <i name="XCdc">   -222.19259941 </i>
    <i name="pawpsdc">   1081.08705224 </i>
    <i name="pawaedc">   -805.90615132 </i>
    <i name="eentropy">      0.00000000 </i>
    <i name="bandstr">    118.76375390 </i>
    <i name="atom">   1073.01044215 </i>
    <i name="e_fr_energy">    143.89796719 </i>
    <i name="e_wo_entrp">    143.89796719 </i>
    <i name="e_0_energy">    143.89796719 </i>
   </energy>
  </scstep>
  <scstep>
   <time name="dav">    3.92    4.00</time>
   <time name="total">    3.92    4.00</time>
   <energy>
    <i name="e_fr_energy">     -7.68449872 </i>
    <i name="e_wo_entrp">     -7.68449872 </i>
    <i name="e_0_energy">     -7.68449872 </i>
   </energy>
  </scstep>
  <scstep>
   <time name="dav">    3.44    3.49</time>
   <time name="total">    3.44    3.49</time>
   <energy>
    <i name="e_fr_energy">    -20.44935833 </i>
    <i name="e_wo_entrp">    -20.44935833 </i>
    <i name="e_0_energy">    -20.44935833 </i>
   </energy>
  </scstep>
  <scstep>
   <time name="dav">    3.83    3.90</time>
   <time name="total">    3.83    3.90</time>
   <energy>
    <i name="e_fr_energy">    -20.73955253 </i>
    <i name="e_wo_entrp">    -20.73955253 </i>
    <i name="e_0_energy">    -20.73955253 </i>
   </energy>
  </scstep>
  <scstep>
   <time name="dav">    3.42    3.46</time>
   <time name="total">    3.73    3.78</time>
   <energy>
    <i name="e_fr_energy">    -20.74329117 </i>
    <i name="e_wo_entrp">    -20.74329117 </i>
    <i name="e_0_energy">    -20.74329117 </i>
   </energy>
  </scstep>
  <scstep>
   <time name="dav">    3.16    3.18</time>
   <time name="total">    3.73    3.77</time>
   <energy>
    <i name="e_fr_energy">    -19.89504020 </i>
    <i name="e_wo_entrp">    -19.89504020 </i>
    <i name="e_0_energy">    -19.89504020 </i>
   </energy>
  </scstep>
  <scstep>
   <time name="dav">    3.27    3.36</time>
   <time name="total">    3.81    3.95</time>
   <energy>
    <i name="e_fr_energy">    -19.89527805 </i>
    <i name="e_wo_entrp">    -19.89527805 </i>
    <i name="e_0_energy">    -19.89527805 </i>
   </energy>
  </scstep>
  <scstep>
   <time name="dav">    3.30    3.33</time>
   <time name="total">    3.84    3.91</time>
   <energy>
    <i name="e_fr_energy">    -19.90300581 </i>
    <i name="e_wo_entrp">    -19.90300581 </i>
    <i name="e_0_energy">    -19.90300581 </i>
   </energy>
  </scstep>
  <scstep>
   <time name="dav">    3.77    3.81</time>
   <time name="total">    4.31    4.37</time>
   <energy>
    <i name="e_fr_energy">    -19.90280808 </i>
    <i name="e_wo_entrp">    -19.90280808 </i>
    <i name="e_0_energy">    -19.90280808 </i>
   </energy>
  </scstep>
  <scstep>
   <time name="dav">    3.29    3.54</time>
   <time name="total">    3.90    4.19</time>
   <energy>
    <i name="e_fr_energy">    -19.90315824 </i>
    <i name="e_wo_entrp">    -19.90315824 </i>
    <i name="e_0_energy">    -19.90315824 </i>
   </energy>
  </scstep>
  <scstep>
   <time name="dav">    3.62    3.82</time>
   <time name="total">    4.26    4.48</time>
   <energy>
    <i name="e_fr_energy">    -19.90313131 </i>
    <i name="e_wo_entrp">    -19.90313131 </i>
    <i name="e_0_energy">    -19.90313131 </i>
   </energy>
  </scstep>
  <scstep>
   <time name="dav">    3.22    3.27</time>
   <time name="total">    3.79    3.88</time>
   <energy>
    <i name="e_fr_energy">    -19.90314486 </i>
    <i name="e_wo_entrp">    -19.90314486 </i>
    <i name="e_0_energy">    -19.90314486 </i>
   </energy>
  </scstep>
  <scstep>
   <time name="dav">    3.49    3.54</time>
   <time name="total">    4.10    4.20</time>
   <energy>
    <i name="e_fr_energy">    -19.90314578 </i>
    <i name="e_wo_entrp">    -19.90314578 </i>
    <i name="e_0_energy">    -19.90314578 </i>
   </energy>
  </scstep>
  <scstep>
   <time name="dav">    2.25    2.26</time>
   <time name="total">    2.54    2.56</time>
   <energy>
    <i name="alphaZ">     39.23162007 </i>
    <i name="ewald">  -1056.08405188 </i>
    <i name="hartreedc">    -90.69241664 </i>
    <i name="XCdc">   -221.46738649 </i>
    <i name="pawpsdc">   1420.90657946 </i>
    <i name="pawaedc">  -1145.85093115 </i>
    <i name="eentropy">      0.00000000 </i>
    <i name="bandstr">    -38.95700228 </i>
    <i name="atom">   1073.01044215 </i>
    <i name="e_fr_energy">    -19.90314676 </i>
    <i name="e_wo_entrp">    -19.90314676 </i>
    <i name="e_0_energy">    -19.90314676 </i>
   </energy>
  </scstep>
  <structure>
   <crystal>
    <varray name="basis" >
     <v>      -2.06900000      -3.58361400       0.00000000 </v>
     <v>       2.06900000      -3.58361400       0.00000000 </v>
     <v>       0.00000000       2.38907500       9.54666700 </v>
    </varray>
    <i name="volume">    141.56747465 </i>
    <varray name="rec_basis" >
     <v>      -0.24166264      -0.13952396       0.03491619 </v>
     <v>       0.24166264      -0.13952396       0.03491619 </v>
     <v>       0.00000000       0.00000000       0.10474860 </v>
    </varray>
   </crystal>
   <varray name="positions" >
    <v>       0.39900000       0.39900000       0.69700000 </v>
    <v>       0.60100000       0.60100000       0.30300000 </v>
    <v>       0.00000000       0.00000000       0.50000000 </v>
    <v>       0.20600000       0.20600000       0.11800000 </v>
    <v>       0.79400000       0.79400000       0.88200000 </v>
   </varray>
  </structure>
  <varray name="forces" >
   <v>       0.00000000      -0.00000013       1.23562460 </v>
   <v>       0.00000000       0.00000013      -1.23562460 </v>
   <v>      -0.00000000      -0.00000000      -0.00000000 </v>
   <v>       0.00000000      -0.00000012       1.18632213 </v>
   <v>       0.00000000       0.00000012      -1.18632213 </v>
  </varray>
  <varray name="stress" >
   <v>       6.86086256       0.00000000       0.00000000 </v>
   <v>       0.00000000       6.86086592       0.00000109 </v>
   <v>       0.00000000       0.00000109     -10.41378661 </v>
  </varray>
  <energy>
   <i name="e_fr_energy">    -19.90314676 </i>
   <i name="e_wo_entrp">    -19.90314676 </i>
   <i name="e_0_energy">      0.00000000 </i>
  </energy>
  <time name="totalsc">   61.15   62.87</time>
  <eigenvalues>
   <array>
    <dimension dim="1">band</dimension>
    <dimension dim="2">kpoint</dimension>
    <dimension dim="3">spin</dimension>
    <field>eigene</field>
    <field>occ</field>
    <set>
     <set comment="spin 1">
      <set comment="kpoint 1">
       <r>   -9.9291    1.0000 </r>
       <r>   -8.6801    1.0000 </r>
       <r>   -8.5725    1.0000 </r>
       <r>   -5.3570    1.0000 </r>
       <r>   -4.6206    1.0000 </r>
       <r>    2.1525    1.0000 </r>
       <r>    2.1602    1.0000 </r>
       <r>    2.4549    1.0000 </r>
       <r>    2.4549    1.0000 </r>
       <r>    2.9082    1.0000 </r>
       <r>    2.9082    1.0000 </r>
       <r>    3.6077    1.0000 </r>
       <r>    3.6077    1.0000 </r>
       <r>    4.5664    1.0000 </r>
       <r>    4.7454    0.0000 </r>
       <r>    5.6704    0.0000 </r>
       <r>    5.6704    0.0000 </r>
       <r>    6.9598    0.0000 </r>
       <r>    7.2178    0.0000 </r>
       <r>    7.2178    0.0000 </r>
      </set>
      <set comment="kpoint 2">
       <r>   -9.5841    1.0000 </r>
       <r>   -8.5176    1.0000 </r>
       <r>   -8.2565    1.0000 </r>
       <r>   -5.5623    1.0000 </r>
       <r>   -4.9200    1.0000 </r>
       <r>    0.8814    1.0000 </r>
       <r>    1.1457    1.0000 </r>
       <r>    1.4183    1.0000 </r>
       <r>    1.8136    1.0000 </r>
       <r>    2.6676    1.0000 </r>
       <r>    2.8023    1.0000 </r>
       <r>    3.3536    1.0000 </r>
       <r>    3.4393    1.0000 </r>
       <r>    3.9461    1.0000 </r>
       <r>    5.7482    0.0000 </r>
       <r>    6.3291    0.0000 </r>
       <r>    6.4261    0.0000 </r>
       <r>    6.9152    0.0000 </r>
       <r>    7.1425    0.0000 </r>
       <r>    7.9763    0.0000 </r>
      </set>
      <set comment="kpoint 3">
       <r>   -8.7131    1.0000 </r>
       <r>   -8.1550    1.0000 </r>
       <r>   -7.7322    1.0000 </r>
       <r>   -6.2028    1.0000 </r>
       <r>   -5.6253    1.0000 </r>
       <r>   -0.7976    1.0000 </r>
       <r>    0.7988    1.0000 </r>
       <r>    0.9992    1.0000 </r>
       <r>    1.2529    1.0000 </r>
       <r>    1.5756    1.0000 </r>
       <r>    1.8859    1.0000 </r>
       <r>    2.4346    1.0000 </r>
       <r>    3.4898    1.0000 </r>
       <r>    3.9987    1.0000 </r>
       <r>    5.3048    0.0000 </r>
       <r>    5.9325    0.0000 </r>
       <r>    6.8526    0.0000 </r>
       <r>    7.7593    0.0000 </r>
       <r>    8.1974    0.0000 </r>
       <r>    8.3892    0.0000 </r>
      </set>
      <set comment="kpoint 4">
       <r>   -9.5753    1.0000 </r>
       <r>   -8.5953    1.0000 </r>
       <r>   -8.1790    1.0000 </r>
       <r>   -5.5562    1.0000 </r>
       <r>   -4.9435    1.0000 </r>
       <r>    0.7943    1.0000 </r>
       <r>    1.2579    1.0000 </r>
       <r>    1.5303    1.0000 </r>
       <r>    1.7723    1.0000 </r>
       <r>    2.8007    1.0000 </r>
       <r>    2.9178    1.0000 </r>
       <r>    3.1220    1.0000 </r>
       <r>    3.3616    1.0000 </r>
       <r>    3.7247    1.0000 </r>
       <r>    5.9690    0.0000 </r>
       <r>    6.1634    0.0000 </r>
       <r>    6.3570    0.0000 </r>
       <r>    7.0884    0.0000 </r>
       <r>    7.2817    0.0000 </r>
       <r>    7.9941    0.0000 </r>
      </set>
      <set comment="kpoint 5">
       <r>   -8.9514    1.0000 </r>
       <r>   -8.2552    1.0000 </r>
       <r>   -7.7985    1.0000 </r>
       <r>   -5.9006    1.0000 </r>
       <r>   -5.5840    1.0000 </r>
       <r>   -0.0670    1.0000 </r>
       <r>    0.2531    1.0000 </r>
       <r>    0.8675    1.0000 </r>
       <r>    1.1469    1.0000 </r>
       <r>    1.9610    1.0000 </r>
       <r>    2.0577    1.0000 </r>
       <r>    2.6248    1.0000 </r>
       <r>    3.7385    1.0000 </r>
       <r>    3.7698    1.0000 </r>
       <r>    5.7104    0.0000 </r>
       <r>    6.0629    0.0000 </r>
       <r>    6.9541    0.0000 </r>
       <r>    7.5831    0.0000 </r>
       <r>    7.9379    0.0000 </r>
       <r>    8.5767    0.0000 </r>
      </set>
      <set comment="kpoint 6">
       <r>   -8.3258    1.0000 </r>
       <r>   -7.8602    1.0000 </r>
       <r>   -7.6860    1.0000 </r>
       <r>   -6.3193    1.0000 </r>
       <r>   -6.0863    1.0000 </r>
       <r>   -0.7716    1.0000 </r>
       <r>    0.1027    1.0000 </r>
       <r>    0.1660    1.0000 </r>
       <r>    1.3054    1.0000 </r>
       <r>    1.7002    1.0000 </r>
       <r>    2.1686    1.0000 </r>
       <r>    2.3341    1.0000 </r>
       <r>    2.6552    1.0000 </r>
       <r>    3.1363    1.0000 </r>
       <r>    6.4380    0.0000 </r>
       <r>    6.7943    0.0000 </r>
       <r>    7.1663    0.0000 </r>
       <r>    7.6543    0.0000 </r>
       <r>    7.8304    0.0000 </r>
       <r>    8.4738    0.0000 </r>
      </set>
      <set comment="kpoint 7">
       <r>   -8.9743    1.0000 </r>
       <r>   -8.0991    1.0000 </r>
       <r>   -7.9482    1.0000 </r>
       <r>   -5.8513    1.0000 </r>
       <r>   -5.6189    1.0000 </r>
       <r>    0.0242    1.0000 </r>
       <r>    0.1228    1.0000 </r>
       <r>    1.1655    1.0000 </r>
       <r>    1.2222    1.0000 </r>
       <r>    1.5067    1.0000 </r>
       <r>    1.8762    1.0000 </r>
       <r>    3.1767    1.0000 </r>
       <r>    3.2980    1.0000 </r>
       <r>    3.9771    1.0000 </r>
       <r>    5.8461    0.0000 </r>
       <r>    6.0388    0.0000 </r>
       <r>    6.4843    0.0000 </r>
       <r>    7.7960    0.0000 </r>
       <r>    8.2258    0.0000 </r>
       <r>    8.4992    0.0000 </r>
      </set>
      <set comment="kpoint 8">
       <r>   -8.7148    1.0000 </r>
       <r>   -8.1006    1.0000 </r>
       <r>   -7.8121    1.0000 </r>
       <r>   -6.1386    1.0000 </r>
       <r>   -5.6552    1.0000 </r>
       <r>   -0.7527    1.0000 </r>
       <r>    0.4939    1.0000 </r>
       <r>    0.8185    1.0000 </r>
       <r>    1.1104    1.0000 </r>
       <r>    2.3841    1.0000 </r>
       <r>    2.5834    1.0000 </r>
       <r>    2.6903    1.0000 </r>
       <r>    2.6914    1.0000 </r>
       <r>    3.0390    1.0000 </r>
       <r>    6.0194    0.0000 </r>
       <r>    6.6979    0.0000 </r>
       <r>    6.7315    0.0000 </r>
       <r>    7.3474    0.0000 </r>
       <r>    7.5734    0.0000 </r>
       <r>    8.0771    0.0000 </r>
      </set>
      <set comment="kpoint 9">
       <r>   -8.3239    1.0000 </r>
       <r>   -7.8739    1.0000 </r>
       <r>   -7.6674    1.0000 </r>
       <r>   -6.3550    1.0000 </r>
       <r>   -6.0635    1.0000 </r>
       <r>   -0.4351    1.0000 </r>
       <r>    0.3080    1.0000 </r>
       <r>    0.3452    1.0000 </r>
       <r>    0.4899    1.0000 </r>
       <r>    0.9277    1.0000 </r>
       <r>    1.4176    1.0000 </r>
       <r>    3.4311    1.0000 </r>
       <r>    3.7701    1.0000 </r>
       <r>    4.0096    1.0000 </r>
       <r>    5.2761    0.0000 </r>
       <r>    5.7627    0.0000 </r>
       <r>    6.1654    0.0000 </r>
       <r>    8.2959    0.0000 </r>
       <r>    8.4794    0.0000 </r>
       <r>    9.1588    0.0000 </r>
      </set>
      <set comment="kpoint 10">
       <r>   -9.8090    1.0000 </r>
       <r>   -9.2675    1.0000 </r>
       <r>   -7.8861    1.0000 </r>
       <r>   -5.9822    1.0000 </r>
       <r>   -4.1525    1.0000 </r>
       <r>    1.5073    1.0000 </r>
       <r>    2.4326    1.0000 </r>
       <r>    2.4326    1.0000 </r>
       <r>    3.0608    1.0000 </r>
       <r>    3.0608    1.0000 </r>
       <r>    3.0876    1.0000 </r>
       <r>    3.3946    1.0000 </r>
       <r>    3.3946    1.0000 </r>
       <r>    3.6623    1.0000 </r>
       <r>    5.7009    0.0000 </r>
       <r>    6.0748    0.0000 </r>
       <r>    6.0748    0.0000 </r>
       <r>    6.5076    0.0000 </r>
       <r>    6.7958    0.0000 </r>
       <r>    6.7958    0.0000 </r>
      </set>
      <set comment="kpoint 11">
       <r>   -9.4860    1.0000 </r>
       <r>   -8.9430    1.0000 </r>
       <r>   -7.7935    1.0000 </r>
       <r>   -5.8922    1.0000 </r>
       <r>   -4.7311    1.0000 </r>
       <r>    0.6117    1.0000 </r>
       <r>    1.5345    1.0000 </r>
       <r>    1.7100    1.0000 </r>
       <r>    1.8303    1.0000 </r>
       <r>    2.5584    1.0000 </r>
       <r>    2.6382    1.0000 </r>
       <r>    2.9102    1.0000 </r>
       <r>    3.5292    1.0000 </r>
       <r>    4.1097    1.0000 </r>
       <r>    5.4788    0.0000 </r>
       <r>    5.9899    0.0000 </r>
       <r>    6.6987    0.0000 </r>
       <r>    7.3265    0.0000 </r>
       <r>    7.5926    0.0000 </r>
       <r>    7.6597    0.0000 </r>
      </set>
      <set comment="kpoint 12">
       <r>   -8.6994    1.0000 </r>
       <r>   -8.1560    1.0000 </r>
       <r>   -7.7744    1.0000 </r>
       <r>   -6.0964    1.0000 </r>
       <r>   -5.6995    1.0000 </r>
       <r>   -0.6438    1.0000 </r>
       <r>    0.4060    1.0000 </r>
       <r>    0.6576    1.0000 </r>
       <r>    1.1154    1.0000 </r>
       <r>    2.2487    1.0000 </r>
       <r>    2.4622    1.0000 </r>
       <r>    2.8217    1.0000 </r>
       <r>    2.8536    1.0000 </r>
       <r>    3.4022    1.0000 </r>
       <r>    5.6680    0.0000 </r>
       <r>    6.5682    0.0000 </r>
       <r>    6.5958    0.0000 </r>
       <r>    7.3977    0.0000 </r>
       <r>    7.6816    0.0000 </r>
       <r>    8.1870    0.0000 </r>
      </set>
      <set comment="kpoint 13">
       <r>   -9.5002    1.0000 </r>
       <r>   -8.9097    1.0000 </r>
       <r>   -7.8231    1.0000 </r>
       <r>   -5.8892    1.0000 </r>
       <r>   -4.7147    1.0000 </r>
       <r>    0.6424    1.0000 </r>
       <r>    1.4111    1.0000 </r>
       <r>    1.6628    1.0000 </r>
       <r>    1.8892    1.0000 </r>
       <r>    2.4199    1.0000 </r>
       <r>    2.5073    1.0000 </r>
       <r>    3.2221    1.0000 </r>
       <r>    3.6354    1.0000 </r>
       <r>    4.2285    1.0000 </r>
       <r>    5.3972    0.0000 </r>
       <r>    6.0087    0.0000 </r>
       <r>    6.6892    0.0000 </r>
       <r>    7.1450    0.0000 </r>
       <r>    7.4975    0.0000 </r>
       <r>    7.6920    0.0000 </r>
      </set>
      <set comment="kpoint 14">
       <r>   -8.9278    1.0000 </r>
       <r>   -8.3422    1.0000 </r>
       <r>   -7.7199    1.0000 </r>
       <r>   -5.9382    1.0000 </r>
       <r>   -5.5599    1.0000 </r>
       <r>   -0.0786    1.0000 </r>
       <r>    0.2300    1.0000 </r>
       <r>    0.8619    1.0000 </r>
       <r>    1.1012    1.0000 </r>
       <r>    1.9105    1.0000 </r>
       <r>    2.3605    1.0000 </r>
       <r>    2.6073    1.0000 </r>
       <r>    3.5082    1.0000 </r>
       <r>    3.7765    1.0000 </r>
       <r>    5.7260    0.0000 </r>
       <r>    6.2645    0.0000 </r>
       <r>    7.0545    0.0000 </r>
       <r>    7.4023    0.0000 </r>
       <r>    7.8488    0.0000 </r>
       <r>    8.5366    0.0000 </r>
      </set>
      <set comment="kpoint 15">
       <r>   -8.3241    1.0000 </r>
       <r>   -7.8726    1.0000 </r>
       <r>   -7.6693    1.0000 </r>
       <r>   -6.3515    1.0000 </r>
       <r>   -6.0656    1.0000 </r>
       <r>   -0.4916    1.0000 </r>
       <r>    0.2904    1.0000 </r>
       <r>    0.4045    1.0000 </r>
       <r>    0.4652    1.0000 </r>
       <r>    0.9907    1.0000 </r>
       <r>    1.5133    1.0000 </r>
       <r>    3.2892    1.0000 </r>
       <r>    3.6375    1.0000 </r>
       <r>    3.9562    1.0000 </r>
       <r>    5.4076    0.0000 </r>
       <r>    5.8514    0.0000 </r>
       <r>    6.2811    0.0000 </r>
       <r>    8.2485    0.0000 </r>
       <r>    8.4287    0.0000 </r>
       <r>    9.1038    0.0000 </r>
      </set>
      <set comment="kpoint 16">
       <r>   -8.8961    1.0000 </r>
       <r>   -8.4274    1.0000 </r>
       <r>   -7.6487    1.0000 </r>
       <r>   -5.9766    1.0000 </r>
       <r>   -5.5372    1.0000 </r>
       <r>   -0.0229    1.0000 </r>
       <r>    0.0785    1.0000 </r>
       <r>    0.9182    1.0000 </r>
       <r>    1.3201    1.0000 </r>
       <r>    1.4501    1.0000 </r>
       <r>    2.9202    1.0000 </r>
       <r>    2.9695    1.0000 </r>
       <r>    3.0642    1.0000 </r>
       <r>    3.4224    1.0000 </r>
       <r>    6.1093    0.0000 </r>
       <r>    6.4768    0.0000 </r>
       <r>    6.6795    0.0000 </r>
       <r>    7.2502    0.0000 </r>
       <r>    8.0664    0.0000 </r>
       <r>    8.3368    0.0000 </r>
      </set>
      <set comment="kpoint 17">
       <r>   -8.6972    1.0000 </r>
       <r>   -8.1994    1.0000 </r>
       <r>   -7.7060    1.0000 </r>
       <r>   -6.1680    1.0000 </r>
       <r>   -5.6621    1.0000 </r>
       <r>   -0.7046    1.0000 </r>
       <r>    0.6421    1.0000 </r>
       <r>    0.9499    1.0000 </r>
       <r>    1.2630    1.0000 </r>
       <r>    1.4120    1.0000 </r>
       <r>    1.8621    1.0000 </r>
       <r>    2.8552    1.0000 </r>
       <r>    3.5240    1.0000 </r>
       <r>    4.0887    1.0000 </r>
       <r>    5.1915    0.0000 </r>
       <r>    5.8783    0.0000 </r>
       <r>    6.4250    0.0000 </r>
       <r>    7.8258    0.0000 </r>
       <r>    8.2531    0.0000 </r>
       <r>    8.4977    0.0000 </r>
      </set>
      <set comment="kpoint 18">
       <r>   -8.3260    1.0000 </r>
       <r>   -7.8586    1.0000 </r>
       <r>   -7.6881    1.0000 </r>
       <r>   -6.3152    1.0000 </r>
       <r>   -6.0891    1.0000 </r>
       <r>   -0.7946    1.0000 </r>
       <r>    0.1083    1.0000 </r>
       <r>    0.1191    1.0000 </r>
       <r>    1.5649    1.0000 </r>
       <r>    1.8833    1.0000 </r>
       <r>    1.8870    1.0000 </r>
       <r>    2.3319    1.0000 </r>
       <r>    2.7750    1.0000 </r>
       <r>    2.8082    1.0000 </r>
       <r>    6.6125    0.0000 </r>
       <r>    6.9905    0.0000 </r>
       <r>    7.2297    0.0000 </r>
       <r>    7.5763    0.0000 </r>
       <r>    7.6911    0.0000 </r>
       <r>    8.3445    0.0000 </r>
      </set>
     </set>
    </set>
   </array>
  </eigenvalues>
  <separator name="orbital magnetization" >
   <v name="MAGDIPOLOUT">      0.00000000      0.00000000      0.00000000</v>
  </separator>
  <dos>
   <i name="efermi">      4.58623801 </i>
   <total>
    <array>
     <dimension dim="1">gridpoints</dimension>
     <dimension dim="2">spin</dimension>
     <field>energy</field>
     <field>total</field>
     <field>integrated</field>
     <set>
      <set comment="spin 1">
       <r>   -10.8834     0.0000     0.0000 </r>
       <r>   -10.8135     0.0000     0.0000 </r>
       <r>   -10.7435     0.0000     0.0000 </r>
       <r>   -10.6735     0.0000     0.0000 </r>
       <r>   -10.6035     0.0000     0.0000 </r>
       <r>   -10.5335     0.0000     0.0000 </r>
       <r>   -10.4635     0.0000     0.0000 </r>
       <r>   -10.3935     0.0000     0.0000 </r>
       <r>   -10.3235     0.0000     0.0000 </r>
       <r>   -10.2535     0.0000     0.0000 </r>
       <r>   -10.1836     0.0000     0.0000 </r>
       <r>   -10.1136     0.0000     0.0000 </r>
       <r>   -10.0436     0.0000     0.0000 </r>
       <r>    -9.9736     0.0000     0.0000 </r>
       <r>    -9.9036     0.0114     0.0001 </r>
       <r>    -9.8336     0.1603     0.0051 </r>
       <r>    -9.7636     0.4466     0.0260 </r>
       <r>    -9.6936     0.7492     0.0678 </r>
       <r>    -9.6236     1.0578     0.1310 </r>
       <r>    -9.5537     1.1635     0.2132 </r>
       <r>    -9.4837     0.8318     0.2828 </r>
       <r>    -9.4137     0.8735     0.3425 </r>
       <r>    -9.3437     0.9153     0.4051 </r>
       <r>    -9.2737     0.9571     0.4706 </r>
       <r>    -9.2037     1.0174     0.5394 </r>
       <r>    -9.1337     1.1220     0.6140 </r>
       <r>    -9.0637     1.2709     0.6975 </r>
       <r>    -8.9937     1.4643     0.7930 </r>
       <r>    -8.9238     1.7314     0.9039 </r>
       <r>    -8.8538     2.1290     1.0387 </r>
       <r>    -8.7838     2.5555     1.2025 </r>
       <r>    -8.7138     3.0310     1.3971 </r>
       <r>    -8.6438     4.1180     1.6839 </r>
       <r>    -8.5738     3.6212     1.9561 </r>
       <r>    -8.5038     3.2009     2.1932 </r>
       <r>    -8.4338     2.9632     2.4085 </r>
       <r>    -8.3639     2.7884     2.6094 </r>
       <r>    -8.2939     2.1106     2.8594 </r>
       <r>    -8.2239     2.6024     3.0234 </r>
       <r>    -8.1539     4.5503     3.2342 </r>
       <r>    -8.0839     4.6644     3.5621 </r>
       <r>    -8.0139     4.3088     3.8757 </r>
       <r>    -7.9439     4.0232     4.1669 </r>
       <r>    -7.8739     3.9141     4.4434 </r>
       <r>    -7.8039     4.1060     4.7406 </r>
       <r>    -7.7340    11.6303     5.3013 </r>
       <r>    -7.6640     1.7066     5.9913 </r>
       <r>    -7.5940     0.0000     6.0000 </r>
       <r>    -7.5240     0.0000     6.0000 </r>
       <r>    -7.4540     0.0000     6.0000 </r>
       <r>    -7.3840     0.0000     6.0000 </r>
       <r>    -7.3140     0.0000     6.0000 </r>
       <r>    -7.2440     0.0000     6.0000 </r>
       <r>    -7.1740     0.0000     6.0000 </r>
       <r>    -7.1041     0.0000     6.0000 </r>
       <r>    -7.0341     0.0000     6.0000 </r>
       <r>    -6.9641     0.0000     6.0000 </r>
       <r>    -6.8941     0.0000     6.0000 </r>
       <r>    -6.8241     0.0000     6.0000 </r>
       <r>    -6.7541     0.0000     6.0000 </r>
       <r>    -6.6841     0.0000     6.0000 </r>
       <r>    -6.6141     0.0000     6.0000 </r>
       <r>    -6.5441     0.0000     6.0000 </r>
       <r>    -6.4742     0.0000     6.0000 </r>
       <r>    -6.4042     0.0000     6.0000 </r>
       <r>    -6.3342     4.1907     6.0505 </r>
       <r>    -6.2642     2.9483     6.2286 </r>
       <r>    -6.1942     4.3715     6.4898 </r>
       <r>    -6.1242     3.2547     6.7705 </r>
       <r>    -6.0542     3.8190     7.0751 </r>
       <r>    -5.9842     4.0693     7.3511 </r>
       <r>    -5.9142     5.0613     7.6562 </r>
       <r>    -5.8443     4.6600     8.0043 </r>
       <r>    -5.7743     4.5238     8.3255 </r>
       <r>    -5.7043     4.4215     8.6383 </r>
       <r>    -5.6343     2.8646     8.9057 </r>
       <r>    -5.5643     1.7528     9.0620 </r>
       <r>    -5.4943     1.3583     9.1695 </r>
       <r>    -5.4243     1.1151     9.2553 </r>
       <r>    -5.3543     1.0031     9.3287 </r>
       <r>    -5.2843     0.9522     9.3971 </r>
       <r>    -5.2144     0.9020     9.4620 </r>
       <r>    -5.1444     0.8523     9.5234 </r>
       <r>    -5.0744     0.8033     9.5813 </r>
       <r>    -5.0044     0.7550     9.6358 </r>
       <r>    -4.9344     0.7106     9.6870 </r>
       <r>    -4.8644     0.8431     9.7410 </r>
       <r>    -4.7944     0.9070     9.8028 </r>
       <r>    -4.7244     0.8603     9.8655 </r>
       <r>    -4.6545     0.5364     9.9137 </r>
       <r>    -4.5845     0.3810     9.9451 </r>
       <r>    -4.5145     0.2675     9.9677 </r>
       <r>    -4.4445     0.1741     9.9831 </r>
       <r>    -4.3745     0.1006     9.9926 </r>
       <r>    -4.3045     0.0472     9.9976 </r>
       <r>    -4.2345     0.0137     9.9996 </r>
       <r>    -4.1645     0.0003    10.0000 </r>
       <r>    -4.0945     0.0000    10.0000 </r>
       <r>    -4.0246     0.0000    10.0000 </r>
       <r>    -3.9546     0.0000    10.0000 </r>
       <r>    -3.8846     0.0000    10.0000 </r>
       <r>    -3.8146     0.0000    10.0000 </r>
       <r>    -3.7446     0.0000    10.0000 </r>
       <r>    -3.6746     0.0000    10.0000 </r>
       <r>    -3.6046     0.0000    10.0000 </r>
       <r>    -3.5346     0.0000    10.0000 </r>
       <r>    -3.4646     0.0000    10.0000 </r>
       <r>    -3.3947     0.0000    10.0000 </r>
       <r>    -3.3247     0.0000    10.0000 </r>
       <r>    -3.2547     0.0000    10.0000 </r>
       <r>    -3.1847     0.0000    10.0000 </r>
       <r>    -3.1147     0.0000    10.0000 </r>
       <r>    -3.0447     0.0000    10.0000 </r>
       <r>    -2.9747     0.0000    10.0000 </r>
       <r>    -2.9047     0.0000    10.0000 </r>
       <r>    -2.8347     0.0000    10.0000 </r>
       <r>    -2.7648     0.0000    10.0000 </r>
       <r>    -2.6948     0.0000    10.0000 </r>
       <r>    -2.6248     0.0000    10.0000 </r>
       <r>    -2.5548     0.0000    10.0000 </r>
       <r>    -2.4848     0.0000    10.0000 </r>
       <r>    -2.4148     0.0000    10.0000 </r>
       <r>    -2.3448     0.0000    10.0000 </r>
       <r>    -2.2748     0.0000    10.0000 </r>
       <r>    -2.2048     0.0000    10.0000 </r>
       <r>    -2.1349     0.0000    10.0000 </r>
       <r>    -2.0649     0.0000    10.0000 </r>
       <r>    -1.9949     0.0000    10.0000 </r>
       <r>    -1.9249     0.0000    10.0000 </r>
       <r>    -1.8549     0.0000    10.0000 </r>
       <r>    -1.7849     0.0000    10.0000 </r>
       <r>    -1.7149     0.0000    10.0000 </r>
       <r>    -1.6449     0.0000    10.0000 </r>
       <r>    -1.5750     0.0000    10.0000 </r>
       <r>    -1.5050     0.0000    10.0000 </r>
       <r>    -1.4350     0.0000    10.0000 </r>
       <r>    -1.3650     0.0000    10.0000 </r>
       <r>    -1.2950     0.0000    10.0000 </r>
       <r>    -1.2250     0.0000    10.0000 </r>
       <r>    -1.1550     0.0000    10.0000 </r>
       <r>    -1.0850     0.0000    10.0000 </r>
       <r>    -1.0150     0.0000    10.0000 </r>
       <r>    -0.9451     0.0000    10.0000 </r>
       <r>    -0.8751     0.0000    10.0000 </r>
       <r>    -0.8051     0.0000    10.0000 </r>
       <r>    -0.7351     2.4152    10.0818 </r>
       <r>    -0.6651     2.5337    10.2531 </r>
       <r>    -0.5951     2.4382    10.4311 </r>
       <r>    -0.5251     2.1714    10.5925 </r>
       <r>    -0.4551     1.9247    10.7354 </r>
       <r>    -0.3851     1.7097    10.8626 </r>
       <r>    -0.3152     1.4931    10.9747 </r>
       <r>    -0.2452     1.2740    11.0715 </r>
       <r>    -0.1752     1.0526    11.1529 </r>
       <r>    -0.1052     0.8288    11.2188 </r>
       <r>    -0.0352     0.6904    11.2706 </r>
       <r>     0.0348     0.6555    11.3172 </r>
       <r>     0.1048     1.1483    11.3666 </r>
       <r>     0.1748     3.7114    11.5483 </r>
       <r>     0.2448     5.6983    11.8871 </r>
       <r>     0.3147     4.2041    12.2291 </r>
       <r>     0.3847     4.0098    12.5159 </r>
       <r>     0.4547     4.0474    12.7969 </r>
       <r>     0.5247     4.0627    13.0830 </r>
       <r>     0.5947     3.9838    13.3640 </r>
       <r>     0.6647     4.0202    13.6431 </r>
       <r>     0.7347     4.0344    13.9253 </r>
       <r>     0.8047     4.0025    14.2066 </r>
       <r>     0.8747     3.8380    14.4826 </r>
       <r>     0.9446     3.7573    14.7483 </r>
       <r>     1.0146     3.9369    15.0153 </r>
       <r>     1.0846     4.3033    15.3036 </r>
       <r>     1.1546     5.3839    15.6366 </r>
       <r>     1.2246     6.0437    16.0404 </r>
       <r>     1.2946     4.9000    16.4445 </r>
       <r>     1.3646     4.1040    16.7452 </r>
       <r>     1.4346     3.9543    17.0269 </r>
       <r>     1.5046     4.0111    17.3027 </r>
       <r>     1.5745     4.1514    17.5912 </r>
       <r>     1.6445     4.0410    17.8771 </r>
       <r>     1.7145     4.0954    18.1604 </r>
       <r>     1.7845     4.2750    18.4535 </r>
       <r>     1.8545     4.2949    18.7530 </r>
       <r>     1.9245     4.4956    19.0657 </r>
       <r>     1.9945     4.4503    19.3786 </r>
       <r>     2.0645     4.2077    19.6831 </r>
       <r>     2.1344     3.8578    19.9653 </r>
       <r>     2.2044     3.5547    20.2241 </r>
       <r>     2.2744     3.2815    20.4630 </r>
       <r>     2.3444     3.0387    20.6836 </r>
       <r>     2.4144     3.1767    20.8985 </r>
       <r>     2.4844     3.4739    21.1317 </r>
       <r>     2.5544     3.8555    21.3873 </r>
       <r>     2.6244     4.5599    21.6801 </r>
       <r>     2.6944     5.3450    22.0305 </r>
       <r>     2.7643     5.5828    22.4155 </r>
       <r>     2.8343     5.1397    22.7975 </r>
       <r>     2.9043     4.5261    23.1329 </r>
       <r>     2.9743     4.2365    23.4412 </r>
       <r>     3.0443     3.9887    23.7272 </r>
       <r>     3.1143     3.9962    24.0062 </r>
       <r>     3.1843     3.9916    24.2856 </r>
       <r>     3.2543     4.0804    24.5673 </r>
       <r>     3.3243     4.2793    24.8593 </r>
       <r>     3.3942     4.9750    25.1715 </r>
       <r>     3.4642     6.7407    25.5882 </r>
       <r>     3.5342     6.3526    26.0711 </r>
       <r>     3.6042     4.2552    26.4453 </r>
       <r>     3.6742     2.9624    26.6873 </r>
       <r>     3.7442     2.9450    26.8853 </r>
       <r>     3.8142     3.8563    27.1339 </r>
       <r>     3.8842     3.7242    27.4029 </r>
       <r>     3.9542     3.1698    27.6414 </r>
       <r>     4.0241     1.6640    27.8113 </r>
       <r>     4.0941     0.8143    27.8956 </r>
       <r>     4.1641     0.4821    27.9386 </r>
       <r>     4.2341     0.3091    27.9658 </r>
       <r>     4.3041     0.1926    27.9832 </r>
       <r>     4.3741     0.1035    27.9934 </r>
       <r>     4.4441     0.0419    27.9983 </r>
       <r>     4.5141     0.0077    27.9999 </r>
       <r>     4.5841     0.0000    28.0000 </r>
       <r>     4.6540     0.0000    28.0000 </r>
       <r>     4.7240     0.0000    28.0000 </r>
       <r>     4.7940     0.0017    28.0000 </r>
       <r>     4.8640     0.0103    28.0004 </r>
       <r>     4.9340     0.0261    28.0016 </r>
       <r>     5.0040     0.0490    28.0042 </r>
       <r>     5.0740     0.0791    28.0087 </r>
       <r>     5.1440     0.1164    28.0155 </r>
       <r>     5.2139     0.1680    28.0252 </r>
       <r>     5.2839     0.2949    28.0409 </r>
       <r>     5.3539     0.7885    28.0754 </r>
       <r>     5.4239     1.4837    28.1541 </r>
       <r>     5.4939     2.4428    28.2889 </r>
       <r>     5.5639     3.4952    28.4982 </r>
       <r>     5.6339     4.2912    28.7722 </r>
       <r>     5.7039     4.4775    29.0887 </r>
       <r>     5.7739     3.3859    29.3648 </r>
       <r>     5.8438     2.5594    29.5694 </r>
       <r>     5.9138     2.4824    29.7401 </r>
       <r>     5.9838     3.1316    29.9333 </r>
       <r>     6.0538     5.4024    30.2343 </r>
       <r>     6.1238     5.6278    30.6255 </r>
       <r>     6.1938     5.2452    31.0091 </r>
       <r>     6.2638     4.3294    31.3473 </r>
       <r>     6.3338     3.4687    31.6161 </r>
       <r>     6.4038     3.2031    31.8475 </r>
       <r>     6.4737     3.7143    32.0835 </r>
       <r>     6.5437     4.3773    32.3683 </r>
       <r>     6.6137     4.6439    32.6875 </r>
       <r>     6.6837     4.5467    33.0106 </r>
       <r>     6.7537     3.8307    33.2972 </r>
       <r>     6.8237     3.3963    33.5499 </r>
       <r>     6.8937     2.8792    33.7709 </r>
       <r>     6.9637     2.5307    33.9588 </r>
       <r>     7.0337     2.1535    34.1222 </r>
       <r>     7.1036     1.8603    34.2620 </r>
       <r>     7.1736     2.0660    34.3944 </r>
       <r>     7.2436     2.5362    34.5558 </r>
       <r>     7.3136     2.8312    34.7452 </r>
       <r>     7.3836     3.2449    34.9571 </r>
       <r>     7.4536     3.5127    35.1936 </r>
       <r>     7.5236     3.8941    35.4519 </r>
       <r>     7.5936     4.4213    35.7430 </r>
       <r>     7.6636     4.6282    36.0611 </r>
       <r>     7.7335     4.8102    36.3920 </r>
       <r>     7.8035     4.8721    36.7287 </r>
       <r>     7.8735     4.9685    37.0773 </r>
       <r>     7.9435     4.7385    37.4174 </r>
       <r>     8.0135     4.4869    37.7402 </r>
       <r>     8.0835     4.2303    38.0455 </r>
       <r>     8.1535     3.7717    38.3273 </r>
       <r>     8.2235     3.1642    38.5687 </r>
       <r>     8.2934     2.9260    38.7799 </r>
       <r>     8.3634     2.9569    38.9837 </r>
       <r>     8.4334     3.0234    39.1990 </r>
       <r>     8.5034     2.6456    39.3940 </r>
       <r>     8.5734     1.8694    39.5533 </r>
       <r>     8.6434     1.5486    39.6727 </r>
       <r>     8.7134     1.2532    39.7706 </r>
       <r>     8.7834     0.9816    39.8487 </r>
       <r>     8.8534     0.7338    39.9086 </r>
       <r>     8.9233     0.5096    39.9519 </r>
       <r>     8.9933     0.3092    39.9804 </r>
       <r>     9.0633     0.1325    39.9958 </r>
       <r>     9.1333     0.0088    39.9999 </r>
       <r>     9.2033     0.0000    40.0000 </r>
       <r>     9.2733     0.0000    40.0000 </r>
       <r>     9.3433     0.0000    40.0000 </r>
       <r>     9.4133     0.0000    40.0000 </r>
       <r>     9.4833     0.0000    40.0000 </r>
       <r>     9.5532     0.0000    40.0000 </r>
       <r>     9.6232     0.0000    40.0000 </r>
       <r>     9.6932     0.0000    40.0000 </r>
       <r>     9.7632     0.0000    40.0000 </r>
       <r>     9.8332     0.0000    40.0000 </r>
       <r>     9.9032     0.0000    40.0000 </r>
       <r>     9.9732     0.0000    40.0000 </r>
       <r>    10.0432     0.0000    40.0000 </r>
       <r>    10.1132     0.0000    40.0000 </r>
      </set>
     </set>
    </array>
   </total>
  </dos>
 </calculation>
 <structure name="finalpos" >
  <crystal>
   <varray name="basis" >
    <v>      -2.06900000      -3.58361400       0.00000000 </v>
    <v>       2.06900000      -3.58361400       0.00000000 </v>
    <v>       0.00000000       2.38907500       9.54666700 </v>
   </varray>
   <i name="volume">    141.56747465 </i>
   <varray name="rec_basis" >
    <v>      -0.24166264      -0.13952396       0.03491619 </v>
    <v>       0.24166264      -0.13952396       0.03491619 </v>
    <v>       0.00000000       0.00000000       0.10474860 </v>
   </varray>
  </crystal>
  <varray name="positions" >
   <v>       0.39900000       0.39900000       0.69700000 </v>
   <v>       0.60100000       0.60100000       0.30300000 </v>
   <v>       0.00000000       0.00000000       0.50000000 </v>
   <v>       0.20600000       0.20600000       0.11800000 </v>
   <v>       0.79400000       0.79400000       0.88200000 </v>
  </varray>
 </structure>
</modeling>
